first_name,last_name,birthday_formatted,above_18,membership_id
William,Dixon,19860110,true,Dixon_3864b
Kristen,Horn,19740910,true,Horn_17277
Kimberly,Chang,19740227,true,Chang_d3c7b
Mary,Ball,19680205,true,Ball_f4f07
Benjamin,Craig,19881211,true,Craig_019ec
Cathy,Werner,20180925,false,Werner_0523c
Brandon,Bell,19611027,true,Bell_a05f5
Paul,Farley,19801122,true,Farley_ad4d0
Sarah,Mcdaniel,20170426,false,Mcdaniel_483ee
Caroline,Anderson,19880227,true,Anderson_19b26
Carl,Jones,19930621,true,Jones_8e15d
Scott,Lee,20100712,false,Lee_ef9ee
Kaylee,Coleman,20091008,false,Coleman_fb83f
Charles,Parker,19801220,true,Parker_249ee
Susan,Hess,19500521,true,Hess_67028
Kiara,Collier,19590521,true,Collier_354e5
Mr.,Martinez,19920216,true,Martinez_72931
Christopher,Ortega,19590618,true,Ortega_12782
Michael,Russell,20130120,false,Russell_c394c
Dwayne,Johnson,20061110,false,Johnson_9b695
Patty,Smith,19750827,true,Smith_c7677
Deanna,Sherman,19750425,true,Sherman_f0c23
Douglas,Francis,19921221,true,Francis_cdc60
Vicki,Diaz,19931005,true,Diaz_7a3e1
Robin,Phillips,19740715,true,Phillips_6c434
Travis,Rice,20060508,false,Rice_bd36e
Ashley,Rocha,19560911,true,Rocha_eee54
Sarah,Jacobson,19580309,true,Jacobson_e151e
Kayla,Shannon,19840517,true,Shannon_dd402
Sean,DDS,19600311,true,DDS_04168
Richard,Estrada,19921015,true,Estrada_0bf5b
Joseph,Torres,19550505,true,Torres_70cf6
Kim,Jones,19851102,true,Jones_d1c60
Melissa,Tanner,19890430,true,Tanner_e9916
Jackson,Cline,19710121,true,Cline_825fb
Sonya,Foster,19880910,true,Foster_16057
Allen,Williams,19971109,true,Williams_3e726
Mr.,Rivera,19510715,true,Rivera_36b74
Jamie,Silva,20060621,false,Silva_873a3
Kathleen,Moore,19520203,true,Moore_9e0f1
Evelyn,Pineda,19580204,true,Pineda_84e24
Kyle,Peters,19950825,true,Peters_3676a
Anthony,Cruz,19550222,true,Cruz_12d68
Eric,Flores,19820701,true,Flores_8a42c
Anna,Richardson,19670223,true,Richardson_ef158
Gary,Harper,19980111,true,Harper_87fb2
Linda,Johnson,19590729,true,Johnson_4b33c
Melissa,Smith,19971208,true,Smith_0332f
Kristen,Floyd,19930525,true,Floyd_e26d2
William,Diaz,19870216,true,Diaz_9d4b9
Benjamin,Smith,19871223,true,Smith_9625b
David,Glenn,20110615,false,Glenn_f0f4b
Dawn,Jones,20070302,false,Jones_542af
Joel,Smith,19710909,true,Smith_6b8ae
Mr.,MD,20051231,false,MD_95044
Joseph,Arnold,20050821,false,Arnold_17b49
Kyle,Long,19920713,true,Long_72e0c
Brittany,Day,20180522,false,Day_b17bd
Bobby,Ward,19641006,true,Ward_e1acd
Thomas,Lee,19961028,true,Lee_fd66e
Jennifer,Hansen,19630628,true,Hansen_416ee
Lisa,Murray,20110709,false,Murray_a7c9f
Meghan,Wade,19820915,true,Wade_3ed54
Tammie,Brooks,19620914,true,Brooks_85733
Maria,Bell,20181026,false,Bell_0fbb4
Allison,Livingston,19501201,true,Livingston_825b6
Chris,Hays,19510827,true,Hays_35ff9
Courtney,Mitchell,19811227,true,Mitchell_80622
Shawn,White,19600915,true,White_3ee53
Taylor,Gomez,19821022,true,Gomez_876bf
Jeremy,Rodriguez,19780828,true,Rodriguez_93ac7
April,Garcia,19871231,true,Garcia_26b55
Zachary,Watts,19841230,true,Watts_5567a
Sarah,Montoya,20001107,true,Montoya_8f16c
Jennifer,Barker,20110526,false,Barker_9fcd4
Sharon,Garza,20020830,true,Garza_40199
Tiffany,Stevens,19620523,true,Stevens_3549f
Ruben,Armstrong,20150910,false,Armstrong_d899e
Dr.,Spencer,19821229,true,Spencer_2ff50
Nicole,Ramsey,19700711,true,Ramsey_af857
Anne,Roy,19690827,true,Roy_a65d2
Lori,Sanchez,19980420,true,Sanchez_364a7
Allison,Chavez,19840818,true,Chavez_725b2
Marcus,Adams,19850122,true,Adams_8a756
Mary,Smith,19930717,true,Smith_54a4e
Joseph,Reed,19511220,true,Reed_3bc34
Jason,Armstrong,19921116,true,Armstrong_e2fb8
Jeff,Armstrong,19540301,true,Armstrong_4166e
Sean,Shields,20010216,true,Shields_ad2e2
Jessica,Allison,19721030,true,Allison_0c21b
Christian,Grant,19790923,true,Grant_b3951
Edward,Watson,20071204,false,Watson_ced7a
Derrick,Cooke,20040915,true,Cooke_6bbe2
Arthur,MD,19941103,true,MD_b302a
Sean,Patrick,20001025,true,Patrick_69e90
Heather,Collins,19861203,true,Collins_37097
Megan,Gomez,20080129,false,Gomez_a5eaf
William,Hale,20070422,false,Hale_37154
Olivia,Thompson,20051130,false,Thompson_7062e
Lori,Torres,19961013,true,Torres_82c19
Vickie,Hernandez,19630214,true,Hernandez_454a0
Kimberly,Brown,19601123,true,Brown_b864a
Sherry,Meza,19970904,true,Meza_af7be
Phillip,Hansen,20100623,false,Hansen_ffe06
Jeanette,Knight,19520130,true,Knight_14007
Kayla,Hanson,19670810,true,Hanson_e29a4
James,Johnston,19681016,true,Johnston_cda33
Dr.,Porter,19851007,true,Porter_3fe0b
Elizabeth,Reyes,19550131,true,Reyes_36e7a
Kristen,Henry,20140207,false,Henry_87921
Claudia,Anderson,20121005,false,Anderson_dc8b6
Nicholas,Webb,19531103,true,Webb_2eff4
Allison,Cooper,20011205,true,Cooper_9a707
Zachary,Barnes,20050503,false,Barnes_285b7
Gregory,III,19911102,true,III_4f2e9
Terry,Ayers,20070806,false,Ayers_6f640
Jessica,Wilson,19541115,true,Wilson_3fe9e
Daniel,Frazier,20171026,false,Frazier_9c0b6
Brian,Welch,20051111,false,Welch_651b5
Carol,Chavez,20040703,true,Chavez_3b14d
Ethan,Mcdonald,19900115,true,Mcdonald_4747c
Gerald,Martinez,19860701,true,Martinez_11e43
Eric,King,19700914,true,King_4b32a
Sylvia,Walters,20090214,false,Walters_2e7b7
Jonathan,Lane,20080109,false,Lane_d0f93
Matthew,Turner,19940707,true,Turner_0303a
Jeffrey,Bauer,19660813,true,Bauer_18f68
Jessica,Shaffer,20130305,false,Shaffer_5eab0
Chris,Spencer,19930419,true,Spencer_1ecf8
Mary,Clarke,19590305,true,Clarke_17fa4
Timothy,Mendoza,19791222,true,Mendoza_dc420
Alicia,Hoffman,20110716,false,Hoffman_25b09
Joseph,Gardner,19530118,true,Gardner_a6fce
Rachael,Rangel,19800618,true,Rangel_24b69
Jeffrey,Harrington,19660807,true,Harrington_a9179
Sophia,Randolph,19500807,true,Randolph_76c7a
Debbie,Freeman,20100427,false,Freeman_cb6a1
Matthew,Braun,19740428,true,Braun_b0971
Sheri,Hudson,20090920,false,Hudson_b4fee
Mary,King,20160305,false,King_dc212
Beth,Davis,20100926,false,Davis_8ceaf
Margaret,Castillo,19601212,true,Castillo_c60fb
Tommy,Sandoval,19660724,true,Sandoval_7497a
Christopher,Hines,20151009,false,Hines_63341
Richard,Wright,20060106,false,Wright_adece
Michael,Brown,20120618,false,Brown_915a8
Nathan,Yu,20011112,true,Yu_821eb
Cameron,Ford,19660523,true,Ford_8d551
Carla,Hayes,19830301,true,Hayes_e3a8c
Marissa,Matthews,19720221,true,Matthews_2a414
Dr.,Thompson,19840403,true,Thompson_16040
Gary,Figueroa,19630711,true,Figueroa_931c7
Michael,West,20110723,false,West_e815a
Martin,Walton,20110512,false,Walton_85854
Zachary,Lee,19870704,true,Lee_76cce
Christopher,Stephenson,19620506,true,Stephenson_b856f
Eric,Ortiz,20050208,false,Ortiz_5dbee
Kara,Pittman,19680525,true,Pittman_44c4d
Andrew,Cowan,19610822,true,Cowan_f05ca
Rhonda,DDS,19511230,true,DDS_ea3db
Sarah,Williams,19850605,true,Williams_821af
Carolyn,Collins,19961226,true,Collins_70d1f
Larry,Mooney,20101028,false,Mooney_04c96
Laura,Livingston,19910307,true,Livingston_72e13
Candace,Mckenzie,19520318,true,Mckenzie_aac0e
Candace,Wallace,19980805,true,Wallace_d91ff
Jason,White,20050505,false,White_07833
Patricia,Reynolds,20120508,false,Reynolds_ae929
Michael,Ellison,19880407,true,Ellison_67462
Melissa,Robles,19800519,true,Robles_16652
Heidi,Fry,19980702,true,Fry_d5f60
James,Smith,19660225,true,Smith_0547b
Charles,Ruiz,19680113,true,Ruiz_1546f
Stephanie,DDS,20111112,false,DDS_942f9
Stacey,Garcia,19870120,true,Garcia_11cfc
Glenda,Burke,19760314,true,Burke_0740b
Zachary,Alvarez,20010910,true,Alvarez_16d56
Rachel,Shaw,19581223,true,Shaw_45468
Carmen,Beard,20160229,false,Beard_e644b
Tony,Daniels,19760614,true,Daniels_d9ff1
Randy,Mora,19931127,true,Mora_4517e
George,Aguirre,20021201,true,Aguirre_028f9
James,Miller,19710831,true,Miller_d11a8
Jacqueline,Williams,19910810,true,Williams_74173
April,Taylor,20100915,false,Taylor_0bd46
Robert,Johnson,19560310,true,Johnson_c3aa2
Gary,White,19621231,true,White_eb75e
Kim,Lowe,19530611,true,Lowe_e71ec
Samantha,Jones,19550721,true,Jones_a6090
Randy,Lozano,19700130,true,Lozano_228a5
Arthur,Chavez,19880101,true,Chavez_ff18a
Melissa,Miller,20110225,false,Miller_98ba8
Leslie,Mccormick,19681026,true,Mccormick_3ab3e
Carlos,Rubio,20170617,false,Rubio_16c2d
David,York,19980714,true,York_00287
Gabriella,Anthony,19970106,true,Anthony_ebd30
Olivia,Poole,19770418,true,Poole_4a212
Wayne,Wilson,19580214,true,Wilson_c7625
Elizabeth,Moore,19750524,true,Moore_75830
Janice,Campbell,19500315,true,Campbell_1e4b2
Julie,Johnson,20060606,false,Johnson_8b1c6
Misty,Cantrell,19570303,true,Cantrell_b19eb
Robert,Soto,19640221,true,Soto_3f6b2
Brenda,Cowan,19600824,true,Cowan_8a53a
Kelly,Guerrero,19970203,true,Guerrero_d55cb
David,Nichols,19620819,true,Nichols_9226a
Kayla,Taylor,19550323,true,Taylor_63293
Antonio,Garcia,19690123,true,Garcia_1ea00
Tyler,Cisneros,19690531,true,Cisneros_fab0b
Jillian,Crawford,19800621,true,Crawford_64ebd
Karl,Pierce,19990428,true,Pierce_72f3d
Joann,Taylor,19850907,true,Taylor_c45f8
Jennifer,Jenkins,19921221,true,Jenkins_cdc60
Nancy,Brown,19690501,true,Brown_1a383
Emma,Munoz,19671017,true,Munoz_4f944
Shawn,Galloway,19850419,true,Galloway_1a4d2
Melissa,Mcguire,19750402,true,Mcguire_a98b2
Bryan,Chavez,20020908,true,Chavez_1c92c
Fernando,Salazar,19720419,true,Salazar_88b5f
Megan,Moore,19550207,true,Moore_1af0e
Robert,Williams,19840309,true,Williams_8d179
Dennis,Sanford,19800806,true,Sanford_c7e24
Kimberly,Herrera,19870615,true,Herrera_c62aa
Gloria,Potts,19561120,true,Potts_ce00f
Suzanne,Barnett,19520828,true,Barnett_efede
Leah,Myers,19860905,true,Myers_1ef89
Kylie,Thomas,19961005,true,Thomas_ea169
Amanda,Murphy,20000730,true,Murphy_0851c
Christopher,Matthews,19690418,true,Matthews_28b41
Nicole,Parks,20050509,false,Parks_580b7
Bobby,Martin,20000331,true,Martin_35f44
Kevin,Chambers,19961203,true,Chambers_9c7bb
Kimberly,Lawson,19680824,true,Lawson_46f7e
Rachel,Lopez,19640814,true,Lopez_f7a66
Christopher,Clay,20170421,false,Clay_00690
Daniel,Martin,19610929,true,Martin_baaae
William,Taylor,19551104,true,Taylor_23226
Steven,Johnson,20050716,false,Johnson_71fcd
Daniel,Miller,20000119,true,Miller_da4de
Taylor,Bryant,20160406,false,Bryant_bc548
Lauren,Jones,19870724,true,Jones_3cea3
Lindsey,Robertson,19700603,true,Robertson_bb4d5
Allison,Thomas,19680213,true,Thomas_865bb
Vernon,Bishop,19730710,true,Bishop_b0506
Susan,Parsons,19940729,true,Parsons_8cbd5
Brady,Snyder,19990615,true,Snyder_81796
Brent,Mcgrath,20170226,false,Mcgrath_7c411
Peter,Smith,19501229,true,Smith_97d51
Deborah,Fox,20170222,false,Fox_75b31
Heather,Collins,20170820,false,Collins_59806
Phillip,Meyers,19601022,true,Meyers_2871d
Nicholas,Hubbard,19641224,true,Hubbard_944d1
Misty,Ramirez,20141023,false,Ramirez_3bc2c
Scott,Johnson,19650311,true,Johnson_74b14
Jay,Nixon,19610829,true,Nixon_6e3e3
Tony,Hall,20090216,false,Hall_45da6
Taylor,Smith,19850409,true,Smith_25862
Mark,Reynolds,19890601,true,Reynolds_89f67
Marilyn,Christensen,20080326,false,Christensen_671d0
Denise,Atkins,20110118,false,Atkins_215c3
Melissa,Gonzales,20181103,false,Gonzales_a8968
Henry,Hoffman,19650518,true,Hoffman_4a2fc
Daisy,Davenport,19930115,true,Davenport_bfe8d
Christopher,Paul,19550318,true,Paul_614b6
Kevin,Craig,20110414,false,Craig_75f39
Natalie,Coleman,20111017,false,Coleman_98c5b
Jeremy,Strickland,19501223,true,Strickland_c13f0
Gary,Bonilla,19920316,true,Bonilla_bfb81
Amanda,Richards,19701223,true,Richards_7ee56
Heidi,Perez,19700413,true,Perez_13e50
Robert,Johnson,20001018,true,Johnson_c6ecd
Gary,Mills,19570110,true,Mills_3b1a6
Chelsea,Caldwell,19950217,true,Caldwell_7f227
John,Frye,19501118,true,Frye_28d64
Michael,Strong,19691124,true,Strong_2c05e
Christopher,Delgado,20160716,false,Delgado_830b2
Whitney,Wallace,19780930,true,Wallace_72049
Rebecca,Martinez,19881026,true,Martinez_a7338
Marissa,Mccoy,19910823,true,Mccoy_a52a9
Ricky,Kerr,20060427,false,Kerr_36f42
Anna,Campbell,19910411,true,Campbell_defb3
Marie,Walters,19780310,true,Walters_9727c
Robert,Martin,19500718,true,Martin_6f48d
Marc,Davis,19800520,true,Davis_7d08d
James,Dixon,20070518,false,Dixon_4bfc5
Vicki,Ramirez,20130117,false,Ramirez_ff8e4
Krista,Campbell,19940424,true,Campbell_68418
Lauren,Patterson,20091201,false,Patterson_3b281
Megan,Clark,19600928,true,Clark_a02d1
Judy,Zimmerman,20171109,false,Zimmerman_ba513
Joseph,MD,20010701,true,MD_9749d
Lori,Acevedo,19781030,true,Acevedo_73515
William,Taylor,19860131,true,Taylor_4fbc5
Dawn,Snyder,19560708,true,Snyder_06d79
Jennifer,Simmons,19841105,true,Simmons_595bd
Alyssa,Nunez,19920824,true,Nunez_512d2
Robert,Black,19800619,true,Black_d48e9
Julia,Young,19890720,true,Young_6ab9e
Melinda,Barnes,19530618,true,Barnes_aafc3
Mr.,Armstrong,19820317,true,Armstrong_e4921
Erik,Stevenson,20070706,false,Stevenson_a25d1
Daniel,George,19841209,true,George_2125a
Lindsey,Jones,19540327,true,Jones_25cc6
Virginia,Lopez,19930805,true,Lopez_e5c42
Andrew,Brown,19920404,true,Brown_d97d3
Donna,Lowery,19550326,true,Lowery_a904a
Alexis,Andrade,20140504,false,Andrade_0bde0
Alyssa,Pierce,19680516,true,Pierce_133dc
Tara,Johnson,19620101,true,Johnson_472d8
Michael,Brady,19500323,true,Brady_bd431
James,Rhodes,19771010,true,Rhodes_df266
Pamela,Scott,19940408,true,Scott_de271
Martin,Ward,19920815,true,Ward_2a854
Kristina,Hernandez,19630821,true,Hernandez_2a4d4
Robert,Bush,19680110,true,Bush_40354
Rebecca,Larson,19930114,true,Larson_2f5ed
Brittany,Watson,19900619,true,Watson_e18ae
Ryan,Ramirez,19850425,true,Ramirez_5ff32
Edward,Burns,19510618,true,Burns_7f892
John,Prince,19760307,true,Prince_8d970
Ashley,Boyer,19701020,true,Boyer_134eb
James,Dean,19910921,true,Dean_9399a
Natalie,Gordon,20130323,false,Gordon_23c41
Ryan,Smith,19760706,true,Smith_df4e2
Stephen,Thompson,19511112,true,Thompson_52cd0
William,Delgado,20070816,false,Delgado_c8862
Brian,Johnson,19540606,true,Johnson_96bc7
James,Patel,19510421,true,Patel_05bda
Allen,Rogers,19610305,true,Rogers_1cfad
Aimee,Reyes,19541214,true,Reyes_0494b
Susan,Williams,19760512,true,Williams_446e0
Edward,Griffin,19881201,true,Griffin_f7c71
Debra,Baker,20170728,false,Baker_50645
Yvette,Kramer,19970513,true,Kramer_1bd07
Alyssa,DVM,19580316,true,DVM_c04a3
John,Cunningham,20021007,true,Cunningham_6ff12
Dana,Gilbert,19760430,true,Gilbert_2e254
Stephen,Henry,19810723,true,Henry_b8cbd
Bradley,James,19651103,true,James_d8255
Melinda,Peters,19730212,true,Peters_d06c7
Robert,Goodman,20100131,false,Goodman_a3467
Leslie,Moore,19841209,true,Moore_2125a
Sarah,Gray,19950827,true,Gray_83ea5
Amy,Haynes,20000128,true,Haynes_710b8
Gary,Dean,19550703,true,Dean_7edc7
Jonathan,Duran,19811020,true,Duran_71622
Elizabeth,Ruiz,19790202,true,Ruiz_45a1a
Caitlin,Lewis,20070704,false,Lewis_24cdc
Micheal,Blackburn,19621010,true,Blackburn_be088
Sheryl,Mccarthy,19970329,true,Mccarthy_94791
Lisa,Smith,20040921,true,Smith_b4179
Jared,Juarez,19751204,true,Juarez_79a15
Brett,Castro,20050311,false,Castro_7e54d
Jessica,Murray,20000908,true,Murray_4826a
Austin,Coffey,20100703,false,Coffey_f0a76
Shelly,Jacobs,19770224,true,Jacobs_5bbde
Elizabeth,Logan,20050114,false,Logan_21268
Cody,Anderson,19600929,true,Anderson_eb9d6
Kayla,Wood,19990306,true,Wood_97825
Paul,DDS,19511111,true,DDS_55df0
James,Mays,19691013,true,Mays_1c3c6
Thomas,Moore,20090724,false,Moore_48318
Linda,Pacheco,19690117,true,Pacheco_2b2c0
Jenny,Clark,19760708,true,Clark_c5b79
Patrick,Guzman,19600610,true,Guzman_92861
Mr.,Peters,20130303,false,Peters_20bd4
John,Stevenson,20000608,true,Stevenson_844a7
Kristina,Brooks,20040421,true,Brooks_c24af
Nancy,Aguilar,19950811,true,Aguilar_ad5a0
Robert,Brown,19910626,true,Brown_c51c7
Jessica,Williams,19730824,true,Williams_b7835
David,Brown,19710304,true,Brown_cc79a
Dorothy,Munoz,19730101,true,Munoz_e84a8
Jason,Lawson,19970110,true,Lawson_3cd25
James,Hall,20080131,false,Hall_148e3
Patricia,Carpenter,19851217,true,Carpenter_9c57f
Jeff,Cardenas,19690810,true,Cardenas_cac8b
Michelle,Johnson,19670820,true,Johnson_d9799
Frank,Madden,19901104,true,Madden_6996f
George,Tanner,19580425,true,Tanner_a5d8a
Dylan,Johnson,19960107,true,Johnson_d53b7
Pamela,King,19930929,true,King_01148
Jesse,Frazier,19561102,true,Frazier_b7d60
Edward,Russell,19610331,true,Russell_75739
Diana,Mcdonald,19680309,true,Mcdonald_21996
Randy,Dawson,19690525,true,Dawson_0b51f
Jasmine,Williams,19790125,true,Williams_d9534
Robert,Smith,19870424,true,Smith_634dd
Sara,Young,19840720,true,Young_94ba8
Samantha,Gonzalez,19980829,true,Gonzalez_31e9a
Christina,Torres,20170829,false,Torres_3178f
Maria,Bailey,19740809,true,Bailey_c40dd
Charles,Bartlett,20020709,true,Bartlett_543e5
Natalie,Parker,19970215,true,Parker_c37e4
Paula,DDS,19861001,true,DDS_0ff5a
Jessica,Jenkins,19740413,true,Jenkins_07775
Drew,Henson,20180920,false,Henson_1c29f
Michael,Davis,20100203,false,Davis_09c45
Ian,Ramos,20110623,false,Ramos_4c8eb
Anna,Wright,20001231,true,Wright_e9e78
Ashley,Anderson,19980102,true,Anderson_05bf1
Jennifer,Wright,19600726,true,Wright_b5ae9
Nicole,Lopez,20000325,true,Lopez_904ff
Tara,Ellis,20130121,false,Ellis_51150
Hannah,Elliott,19610205,true,Elliott_21034
Gavin,Rodriguez,20150917,false,Rodriguez_f32e3
Johnny,Jackson,20020107,true,Jackson_2c6a3
Martin,Garrett,19560703,true,Garrett_316ac
Terri,Hayes,19620221,true,Hayes_75675
Adam,Huang,19991030,true,Huang_a78d0
Carolyn,Garner,19581025,true,Garner_e102e
Lisa,Lee,19611021,true,Lee_91a22
Rodney,Escobar,19760430,true,Escobar_2e254
Michael,Johnson,19950423,true,Johnson_b6641
Michelle,DVM,20160426,false,DVM_e808c
John,Dunn,19840111,true,Dunn_b4033
Terry,Pierce,19640910,true,Pierce_68d7c
David,Buck,19680305,true,Buck_76b84
Jennifer,Newman,19840529,true,Newman_e240f
Cynthia,Lee,20020524,true,Lee_934e3
Sylvia,Clark,19520201,true,Clark_201d1
Joseph,Taylor,19500329,true,Taylor_d37af
Kathleen,Barton,19591110,true,Barton_6322a
Michael,Jr.,20060221,false,Jr._6a927
Eric,Benson,20130701,false,Benson_607d3
Curtis,Butler,19681012,true,Butler_8cfd6
Brittany,Le,19840918,true,Le_17cc3
Jeremiah,Sims,19770609,true,Sims_3666e
David,Davis,19730502,true,Davis_c0997
Tiffany,Bond,19841205,true,Bond_08967
Patricia,Chen,20140214,false,Chen_6ac32
William,Crawford,19550227,true,Crawford_ac319
Christina,Roberts,20131008,false,Roberts_6a474
Jerome,Scott,19840807,true,Scott_57740
Jeffery,Walker,19560624,true,Walker_ba5b7
Todd,Alvarez,19741125,true,Alvarez_7bc5d
John,Henry,19670306,true,Henry_064f4
James,Miles,19530107,true,Miles_644d9
Michael,Downs,19920127,true,Downs_111d4
Kayla,Wheeler,19600424,true,Wheeler_970b5
Charles,Martin,19921213,true,Martin_14d23
Harold,Bennett,20131202,false,Bennett_71914
Michael,Swanson,19680815,true,Swanson_fa0f4
Janet,Mcdonald,19700813,true,Mcdonald_2bfae
Brett,Willis,19610908,true,Willis_d0046
Jacob,Smith,19960504,true,Smith_a5b49
Alexa,Webb,19630721,true,Webb_dfc32
Louis,Klein,19651220,true,Klein_43163
Tony,Yu,19511106,true,Yu_7a37b
Lisa,Goodman,20081105,false,Goodman_aba87
Kimberly,Hernandez,20081027,false,Hernandez_23833
Phillip,Friedman,19881015,true,Friedman_ab2a6
Brian,Lam,20080409,false,Lam_a9b12
Kristin,Wilkins,20020511,true,Wilkins_48a0a
Joshua,Lynch,19650526,true,Lynch_49515
Blake,Mclaughlin,20160608,false,Mclaughlin_a71f3
Billy,Olsen,19690503,true,Olsen_e98e6
Shawn,Brock,19670909,true,Brock_4a2fa
Danielle,Jones,19650213,true,Jones_d9259
Jim,Gomez,19560604,true,Gomez_4f910
Sabrina,Henderson,20080220,false,Henderson_c6f01
David,Pennington,19750302,true,Pennington_e76ca
Deborah,Williams,19841121,true,Williams_e69d3
Stephanie,Bowman,19510521,true,Bowman_fab76
Joseph,Frazier,20100313,false,Frazier_caefb
Ryan,Mclaughlin,20170713,false,Mclaughlin_3d892
Tony,Hall,19511002,true,Hall_33971
Timothy,Martin,20030105,true,Martin_0575d
John,Obrien,19580116,true,Obrien_4f5e4
Barbara,Johnson,20040523,true,Johnson_55685
Brandon,Marshall,19860415,true,Marshall_1f412
Carrie,Miller,20170401,false,Miller_5566b
Samantha,Dean,19610213,true,Dean_e8a7a
Jamie,Wilson,20140110,false,Wilson_60384
Carlos,Acosta,20040705,true,Acosta_29050
Amy,Bennett,19640126,true,Bennett_7660a
Dominique,Wells,20140529,false,Wells_cc02d
Sarah,Bright,19981115,true,Bright_776f9
Michael,Barton,20070530,false,Barton_ead37
Rebecca,Anderson,19730827,true,Anderson_48071
Megan,Riggs,19740304,true,Riggs_d81bc
Whitney,Andrews,19811226,true,Andrews_d09e8
Catherine,Jones,19970926,true,Jones_d2d42
William,Andrews,19960322,true,Andrews_d7c9e
Kathleen,Edwards,20170808,false,Edwards_f9f18
Roger,Frost,19700217,true,Frost_5ba4a
Justin,Johnson,19540205,true,Johnson_4142d
Valerie,Young,19540714,true,Young_adeda
Samantha,Perez,19940623,true,Perez_5967c
Devin,Allen,19751024,true,Allen_be457
Stephanie,Little,19501123,true,Little_57f0b
Melanie,Miller,19870515,true,Miller_57ecb
Erica,Beck,19570423,true,Beck_f2c86
Toni,Dunn,19800831,true,Dunn_8edbe
Eric,Dunn,19600712,true,Dunn_ae8e6
David,Jackson,19680825,true,Jackson_1938d
Melanie,Gates,20120105,false,Gates_e6b94
Heather,Pierce,19570813,true,Pierce_1096d
Jordan,Lewis,19621214,true,Lewis_038d4
Michele,Johnson,20051004,false,Johnson_0e172
Samantha,Ryan,20051016,false,Ryan_bea60
Christopher,Hudson,19591217,true,Hudson_f6588
Zachary,Williams,19780218,true,Williams_04619
Donna,Davis,19680809,true,Davis_1b9e3
Jordan,Erickson,19750802,true,Erickson_6b984
Christopher,Nolan,20171117,false,Nolan_d151e
Evelyn,Hanna,20160427,false,Hanna_84314
Jason,Johnson,19740213,true,Johnson_461db
Barbara,Caldwell,19500509,true,Caldwell_325d2
Ronald,Huff,20000321,true,Huff_7a076
Holly,Norris,19690106,true,Norris_412ca
Derrick,Carter,19640405,true,Carter_800d6
Kenneth,Golden,20000124,true,Golden_4fdbf
Grace,Edwards,20060808,false,Edwards_58913
Jonathan,Rios,19810919,true,Rios_1f275
Mackenzie,Miller,20150429,false,Miller_b5861
Tammy,Taylor,19500712,true,Taylor_4e455
Reginald,King,19811004,true,King_abea5
Matthew,Fletcher,20050209,false,Fletcher_35ae1
Elizabeth,Jordan,20040107,true,Jordan_cda14
Sally,Santiago,19730221,true,Santiago_30a0b
James,Johnson,20021216,true,Johnson_1f4ed
Jason,Saunders,19951006,true,Saunders_4cf88
Carol,Hernandez,19850804,true,Hernandez_3cf5c
Kendra,Dawson,19510407,true,Dawson_b5c48
James,DDS,19900116,true,DDS_d5368
Michael,Stokes,19790611,true,Stokes_d92ec
Jeffrey,Martinez,20170902,false,Martinez_f3852
Joseph,Bell,19580916,true,Bell_11b09
Pamela,Black,19920218,true,Black_ade03
Robert,Jordan,20150302,false,Jordan_d74bb
Kathy,Baker,20000818,true,Baker_ea31b
Brian,Bailey,19900707,true,Bailey_14f11
Mitchell,Clark,19640829,true,Clark_12322
Kelly,Mcintyre,20140324,false,Mcintyre_85eed
Susan,Ali,19990105,true,Ali_f361f
Latoya,Gonzales,20091217,false,Gonzales_6484f
Olivia,Mayo,20170119,false,Mayo_94e38
Thomas,Anderson,19840703,true,Anderson_348bc
Todd,Jennings,19860621,true,Jennings_1f30d
Paul,Dixon,19650325,true,Dixon_f9517
Julie,Torres,19920122,true,Torres_2847b
James,Miller,19990901,true,Miller_48764
John,Howard,19980602,true,Howard_933c4
Anne,Savage,19900717,true,Savage_4c752
Richard,Wilson,19990703,true,Wilson_f0626
Mrs.,Esparza,20041230,false,Esparza_a3eca
Todd,Armstrong,19730821,true,Armstrong_9e5fd
Aaron,Richardson,19910603,true,Richardson_b6a26
Gregory,Pollard,19620725,true,Pollard_1d35c
Jon,Butler,19870318,true,Butler_a60e8
Chelsea,Madden,19621221,true,Madden_89d38
Misty,Ramos,20071103,false,Ramos_64037
Ryan,Murphy,19741028,true,Murphy_2d8bb
Brittany,Sandoval,20120221,false,Sandoval_72d25
Rose,Stanton,19650830,true,Stanton_2eff0
Kristen,Banks,20031203,true,Banks_61f56
Julia,Stokes,19590321,true,Stokes_56617
Paul,Phillips,19970216,true,Phillips_01acd
Amber,Thompson,19801025,true,Thompson_dbdcd
Mrs.,Norton,19670705,true,Norton_25767
Adam,Parker,19980722,true,Parker_5ebc0
Jennifer,Gonzales,19930822,true,Gonzales_9db29
Jacqueline,Hernandez,19520129,true,Hernandez_5889b
Cory,Walker,19621208,true,Walker_a21be
Jennifer,Miller,19710208,true,Miller_05d2a
Dawn,Bond,19740105,true,Bond_ae331
Tara,Daniel,19820701,true,Daniel_8a42c
Rebecca,DDS,19980720,true,DDS_840d4
Victor,Serrano,19590209,true,Serrano_dac0f
Elizabeth,Bell,20010329,true,Bell_cb191
Julie,Coleman,19510104,true,Coleman_dff75
Jennifer,Brown,20100110,false,Brown_cd430
Jessica,Moore,19610212,true,Moore_2fe38
John,Ramirez,20000307,true,Ramirez_3851a
Becky,Hall,20060726,false,Hall_0abeb
Christine,Smith,19630427,true,Smith_b9fc6
Christopher,Osborne,19910806,true,Osborne_d68eb
Jacob,Hernandez,19690520,true,Hernandez_3d08a
Jennifer,Rogers,19970519,true,Rogers_25baa
Tammy,Young,19890522,true,Young_b1e7e
James,Lewis,20080305,false,Lewis_176fd
Charles,Stanley,19600523,true,Stanley_b9f45
Christina,Garcia,19990611,true,Garcia_c9d62
Heather,Davis,19511103,true,Davis_92531
Ashley,Fuentes,19590428,true,Fuentes_2d19f
Jorge,Brown,20041021,true,Brown_96d7b
Sierra,MD,19851019,true,MD_2ae58
Todd,Miller,19761017,true,Miller_454bb
Jeffrey,Sanchez,19950914,true,Sanchez_cf3c9
Crystal,Luna,19610224,true,Luna_57d81
Devin,Flores,19771013,true,Flores_c70a2
Bianca,Martin,19780205,true,Martin_7bf56
Danielle,Snyder,20130422,false,Snyder_cf2e7
Edward,Carney,19911207,true,Carney_39905
Joseph,Grimes,19610728,true,Grimes_6bedf
April,Fowler,20171213,false,Fowler_d51d4
Michelle,Mccoy,19870620,true,Mccoy_d155c
Alicia,MD,19731015,true,MD_5f2b4
Micheal,Lloyd,20160430,false,Lloyd_61331
Richard,Ortiz,20130719,false,Ortiz_d5e79
Jasmine,Reyes,19680910,true,Reyes_54ea1
Tony,Smith,20051222,false,Smith_0726f
Mary,Melton,19511124,true,Melton_d8267
William,Griffin,19710622,true,Griffin_c02a0
Scott,Vargas,19530507,true,Vargas_4acb4
Adam,Guerra,19960614,true,Guerra_d3a42
Christina,Vang,19960405,true,Vang_b6d0d
Nicole,Williams,19500508,true,Williams_4278b
Erica,Powers,19570415,true,Powers_89113
Angela,Garcia,19510127,true,Garcia_beb6d
Melissa,Brown,19950205,true,Brown_3fd98
John,Santiago,20150108,false,Santiago_ee7f0
Donald,Nelson,19800416,true,Nelson_1809e
Misty,Bell,19930408,true,Bell_535fb
Vanessa,Barnes,19750630,true,Barnes_5f4df
Brian,Austin,19751001,true,Austin_e1739
Jeffrey,King,19770623,true,King_2f8a4
Levi,Vaughn,19531124,true,Vaughn_1892c
Melanie,Blake,19810610,true,Blake_5167c
Marvin,Franklin,20181107,false,Franklin_22620
Angela,Massey,19701209,true,Massey_fe262
Lisa,Cole,19761106,true,Cole_4d45e
George,Stark,19700414,true,Stark_9f140
Jeffrey,Salas,19910908,true,Salas_e3ba6
Richard,Reeves,19730725,true,Reeves_e161c
Heather,Maldonado,19990714,true,Maldonado_8cabc
Shelly,Mcdaniel,19951028,true,Mcdaniel_ab5b4
David,Ryan,19750728,true,Ryan_07ce1
Tyler,Trevino,20050824,false,Trevino_7773f
Christina,Jackson,20020829,true,Jackson_6148c
Jodi,Peterson,19991221,true,Peterson_6caba
Melissa,Carney,19750915,true,Carney_9270b
David,Cole,19691112,true,Cole_ad23f
Ricardo,Weber,19641114,true,Weber_d45ae
Jessica,Mckenzie,19500811,true,Mckenzie_e2c23
James,Ramirez,19980610,true,Ramirez_d01b0
Jeffrey,Wise,19871011,true,Wise_daff9
Brandy,Fisher,20120630,false,Fisher_bf019
Renee,Barrera,19760510,true,Barrera_00d03
Melanie,Wiggins,20000214,true,Wiggins_c46e0
Alexander,Mckee,20101029,false,Mckee_06348
Sheryl,Hill,19620831,true,Hill_d851b
Sandra,White,19530513,true,White_20015
Christopher,Thompson,19940802,true,Thompson_17444
Mr.,Smith,19860308,true,Smith_e0b77
Theresa,Johnson,20100812,false,Johnson_3c6a6
Kristopher,Cunningham,19740908,true,Cunningham_56223
Nathan,Morgan,20131224,false,Morgan_fc8a3
David,Murray,19941209,true,Murray_edee8
April,Taylor,19550314,true,Taylor_be631
Daniel,Herrera,20010227,true,Herrera_57a84
John,Mcpherson,19680816,true,Mcpherson_58d67
Scott,Simmons,19831118,true,Simmons_ee96d
Gary,Tran,19790627,true,Tran_e2b1d
Erica,Vaughn,19581113,true,Vaughn_3106b
Jennifer,Peterson,19571219,true,Peterson_76638
April,Mccormick,19630815,true,Mccormick_a7280
Justin,Davis,19920413,true,Davis_79db8
Julia,Hall,19910717,true,Hall_57743
Anna,Cunningham,19860912,true,Cunningham_01d15
Jacob,Stevens,20061022,false,Stevens_8c18d
Jerry,Payne,19880902,true,Payne_dff18
Mark,Collins,19770309,true,Collins_b0b31
Benjamin,Clark,19971008,true,Clark_ceec9
Lisa,Norton,19731221,true,Norton_02c6e
Christopher,Smith,19810707,true,Smith_216c5
Mary,Myers,19680715,true,Myers_71e61
Stephanie,Skinner,19990820,true,Skinner_90439
Dave,Kelly,19730626,true,Kelly_79031
Patricia,Gallagher,20180302,false,Gallagher_c0f60
Shaun,Holloway,19870623,true,Holloway_7ecb4
Marc,Love,19550722,true,Love_95197
Michael,Mayer,19710414,true,Mayer_5ad2a
Mason,Rodriguez,20051023,false,Rodriguez_da40a
Jason,Payne,19970430,true,Payne_04043
Johnny,Hicks,20050217,false,Hicks_bafd0
Lisa,Rodgers,19560125,true,Rodgers_69f29
Sarah,Tyler,19810801,true,Tyler_9508f
Brian,Rodriguez,19821221,true,Rodriguez_8d3f7
Charlene,Jones,20080522,false,Jones_f1439
Scott,Lawrence,19760104,true,Lawrence_fbccd
Carol,Patrick,19591230,true,Patrick_ee5f8
Mrs.,DDS,19960824,true,DDS_65c83
Linda,Sullivan,19911219,true,Sullivan_e274b
Donna,Carrillo,20080119,false,Carrillo_ae60c
Scott,Baker,19951111,true,Baker_900b3
Brian,Jensen,19600714,true,Jensen_6277a
James,Sosa,19571108,true,Sosa_8de3e
Veronica,Zavala,20090227,false,Zavala_43d91
Jenny,Fields,19910206,true,Fields_060ba
George,Monroe,19900915,true,Monroe_1a28d
Michael,Smith,19810710,true,Smith_30bb3
Kevin,Oliver,20011026,true,Oliver_2e349
Nicholas,Mejia,19560322,true,Mejia_83e31
Phillip,Logan,19851108,true,Logan_435a6
Jamie,Jackson,19770526,true,Jackson_b5943
Thomas,Alvarez,19940216,true,Alvarez_f4f6b
Kaitlin,Lawson,20010904,true,Lawson_fecab
Carlos,Wagner,20110618,false,Wagner_2deb0
Christopher,Anderson,19810611,true,Anderson_ce30b
Roberto,Sparks,19790706,true,Sparks_e463f
Julie,Oneal,19750503,true,Oneal_63cf1
Megan,Friedman,19730504,true,Friedman_536b8
Cheryl,Taylor,19710125,true,Taylor_625b8
Jeffrey,Hatfield,19701014,true,Hatfield_bf691
James,Phillips,19611019,true,Phillips_c68d2
Jessica,Moore,19990509,true,Moore_6e3b7
Eric,Richards,19500210,true,Richards_c7895
Rebecca,Mitchell,20110512,false,Mitchell_85854
Anna,Patrick,19631210,true,Patrick_3cf14
Eric,Schmidt,19660425,true,Schmidt_2a590
Mark,Campbell,20040705,true,Campbell_29050
Taylor,Oconnell,19520508,true,Oconnell_f0132
Debra,Peters,19820804,true,Peters_6955e
Richard,Anderson,19700405,true,Anderson_6c12a
William,Russell,19690601,true,Russell_71936
Ryan,Mcdaniel,19870804,true,Mcdaniel_d46f2
Jacqueline,Frazier,20050306,false,Frazier_d16d1
Steven,Stuart,19900121,true,Stuart_c27c8
Emily,Rodriguez,19850611,true,Rodriguez_c7b6b
Ryan,Perez,19550531,true,Perez_c789e
Lauren,Hahn,19720620,true,Hahn_38908
Megan,Lopez,19530702,true,Lopez_38fc9
Matthew,Lucero,19900508,true,Lucero_75b53
Joseph,Perez,19740909,true,Perez_a30c9
Kimberly,Wright,20130212,false,Wright_d463a
Donald,Braun,20040416,true,Braun_20ba5
Savannah,Reese,20180723,false,Reese_3637b
Leslie,Wiggins,20140921,false,Wiggins_7ea50
Mrs.,Gonzalez,19650625,true,Gonzalez_47c72
Derrick,PhD,19780818,true,PhD_48e0b
Meghan,Davis,20090222,false,Davis_577d3
Faith,Edwards,19770726,true,Edwards_96edd
Stephanie,Morgan,19881231,true,Morgan_1ef9f
Laura,Vargas,19771009,true,Vargas_0365e
Caleb,Singh,19740224,true,Singh_7186e
Cassandra,Andrade,19800915,true,Andrade_755fe
Robert,Hall,19720509,true,Hall_f4a8a
Kenneth,Hill,20020128,true,Hill_0a07a
David,Brown,20111128,false,Brown_a9c6a
Sarah,Lewis,19810225,true,Lewis_f236b
Stephen,Meyers,19510517,true,Meyers_bc19e
Victor,Becker,19690529,true,Becker_d71b6
Brad,Huff,19611227,true,Huff_88806
Thomas,Sanchez,19570914,true,Sanchez_a1536
Michael,Chapman,19581005,true,Chapman_ca1ea
Stephen,Lam,19520109,true,Lam_aece9
Theresa,Wells,20040117,true,Wells_48f2e
Richard,Barrera,19501216,true,Barrera_527ad
Kelly,Boyle,19950717,true,Boyle_44dc1
Alexander,Richardson,19581025,true,Richardson_e102e
James,Hicks,19810704,true,Hicks_b3633
Todd,PhD,19980106,true,PhD_30192
Jason,Meyer,20180608,false,Meyer_00cac
Matthew,Moore,20030707,true,Moore_4788f
Lindsay,Rivera,20010522,true,Rivera_78808
Michael,Peterson,19960217,true,Peterson_c3f8e
Jennifer,PhD,20100106,false,PhD_8168f
Martin,Solomon,19830720,true,Solomon_ee5de
Rebecca,Quinn,19601127,true,Quinn_faa6e
Kerry,Branch,19740423,true,Branch_2243b
Leslie,Ruiz,19660712,true,Ruiz_e796d
Joseph,Howard,19520726,true,Howard_99bdb
Rebecca,Wright,20130914,false,Wright_736e9
Jacqueline,Phillips,19880118,true,Phillips_3268f
Wesley,Erickson,19780608,true,Erickson_c60b7
Janet,West,20010124,true,West_8692b
James,Barnett,20161120,false,Barnett_556ca
Eric,Scott,20010522,true,Scott_78808
James,Jones,19870404,true,Jones_b6ecc
Joshua,DVM,19660205,true,DVM_40707
Kathleen,Baker,19700803,true,Baker_ec1ba
Michael,Clark,20160910,false,Clark_8fbe5
Anne,Richards,19690906,true,Richards_9e514
Renee,Williams,20130130,false,Williams_41b0a
Derek,Thomas,19640724,true,Thomas_a6b2a
Robert,White,19900203,true,White_de8db
Teresa,Figueroa,19501119,true,Figueroa_f7050
Ashley,Murphy,19521231,true,Murphy_7cfb6
Laura,Peterson,19650422,true,Peterson_05237
Brian,Cardenas,20000304,true,Cardenas_3a67c
Dana,Conrad,19711221,true,Conrad_c52ec
Kathleen,Deleon,19740120,true,Deleon_ee5d1
Ebony,Garcia,19680111,true,Garcia_6f92f
Johnathan,Allen,20000901,true,Allen_70c2b
Laura,Faulkner,20030611,true,Faulkner_9c017
Kirk,Pearson,19611114,true,Pearson_e37aa
Joseph,Bonilla,19740508,true,Bonilla_07c60
Christina,Moore,19550524,true,Moore_f1963
Gary,Barber,19551112,true,Barber_8e448
Laura,Diaz,19620329,true,Diaz_b2836
Jerry,Stuart,20180525,false,Stuart_d71a0
Brianna,Griffith,19511030,true,Griffith_dc9a1
Kenneth,Lopez,19970126,true,Lopez_2f0d4
Wesley,Krause,20030222,true,Krause_b4493
Derek,Sullivan,19770118,true,Sullivan_9ff62
Brian,Johnson,19810617,true,Johnson_01409
Miss,Mcdonald,19720614,true,Mcdonald_d6ce2
Christine,Peterson,19741119,true,Peterson_d3043
Brianna,Ramirez,20180521,false,Ramirez_c5d91
Robert,Decker,19791021,true,Decker_ad4d6
Michael,Bryant,19931226,true,Bryant_ccac0
Jamie,Silva,19831128,true,Silva_3abea
Steven,Jones,19641227,true,Jones_2efc4
Christopher,Bautista,19941202,true,Bautista_f2b74
Elizabeth,Stein,19770125,true,Stein_769de
Brandi,Werner,20120708,false,Werner_2ad4c
Derrick,Jones,19980316,true,Jones_e61da
Michelle,Price,20081106,false,Price_9afeb
Kara,Silva,19961018,true,Silva_ca764
Lisa,Cox,19840222,true,Cox_0664a
Jonathan,Armstrong,19930206,true,Armstrong_7df80
Randy,Rodriguez,19811019,true,Rodriguez_8b26a
Amber,Payne,19720812,true,Payne_956d3
Patricia,Moore,20080512,false,Moore_d9883
Barbara,Krueger,19520322,true,Krueger_f41b0
Susan,Colon,20001122,true,Colon_57f0b
Ryan,Morgan,19550803,true,Morgan_491cc
Chad,Willis,19700622,true,Willis_a75dd
Brian,Curtis,19661020,true,Curtis_746fa
Stephanie,Jones,20181210,false,Jones_c8375
Jeffrey,Garcia,19671114,true,Garcia_74c87
Erik,Walker,20081209,false,Walker_61146
Steven,Murray,19930320,true,Murray_9ab9f
Samuel,Simmons,19920407,true,Simmons_8b417
Brian,Brown,19540910,true,Brown_3142f
Barbara,Brown,19610629,true,Brown_c94ac
Monica,Oconnor,19800701,true,Oconnor_efac7
Jacob,Yang,20010228,true,Yang_5d867
Jennifer,Roberts,19591129,true,Roberts_dc02b
Ashley,Schultz,19591112,true,Schultz_d4f9a
Elizabeth,Swanson,19511212,true,Swanson_10068
Jonathan,MD,19540506,true,MD_834f6
Linda,Rodriguez,19770306,true,Rodriguez_c2b6b
Molly,Tate,19920915,true,Tate_394d3
Patrick,Mosley,20140316,false,Mosley_1c93f
Anita,Nelson,19630907,true,Nelson_86b8a
Susan,Harris,19750125,true,Harris_acfe7
John,Conrad,20021128,true,Conrad_c0221
Peggy,Johnson,19720328,true,Johnson_317e0
Timothy,Allen,20141109,false,Allen_9474d
Susan,Hansen,19741219,true,Hansen_1c559
Linda,Woods,20021216,true,Woods_1f4ed
Susan,Herrera,19550826,true,Herrera_2275e
Linda,White,20031029,true,White_9fa58
Andrew,Matthews,19880219,true,Matthews_33105
Mrs.,MD,19751009,true,MD_2b512
Jennifer,Dixon,19880308,true,Dixon_25fe9
Daniel,James,19510628,true,James_66b46
Kyle,Chaney,19850220,true,Chaney_7b7c0
Erin,Kennedy,19650109,true,Kennedy_e1e07
Allison,Jones,19831125,true,Jones_3eed8
Jason,Lopez,19740830,true,Lopez_ad64b
Cameron,Burton,19540824,true,Burton_238b7
Joe,Cook,19860326,true,Cook_04108
Robert,Miller,19561001,true,Miller_587ae
Olivia,Martin,19770731,true,Martin_1ff0b
Manuel,Long,20101002,false,Long_b28dc
Richard,Villanueva,19611021,true,Villanueva_91a22
Taylor,Jones,20051223,false,Jones_4bf3f
Catherine,Simmons,20150923,false,Simmons_1b50f
Samantha,Miranda,20001231,true,Miranda_e9e78
Sarah,Brown,19740627,true,Brown_e68eb
Jerry,Clark,19950928,true,Clark_850e2
Briana,Morris,20180805,false,Morris_5bfb2
Michelle,Schneider,20020207,true,Schneider_50c04
Alyssa,Kim,19900811,true,Kim_bc531
Courtney,Williams,19990919,true,Williams_225d6
Rebekah,Gonzalez,19870516,true,Gonzalez_8fdad
Cameron,Gay,19990521,true,Gay_f126c
Jose,Martinez,19620421,true,Martinez_d402c
Gabrielle,Todd,19730824,true,Todd_b7835
Adrian,Price,19710616,true,Price_6f0f0
James,Daniels,20040910,true,Daniels_2de4b
Henry,Huffman,19951018,true,Huffman_a352c
Beth,Murphy,20031016,true,Murphy_ed9c3
Kevin,Haynes,19690624,true,Haynes_d74e4
Darryl,Deleon,20170303,false,Deleon_55ac4
Jeffrey,Wells,19591112,true,Wells_d4f9a
John,Hicks,19530912,true,Hicks_c3ab0
Pamela,Stanley,19560127,true,Stanley_3cf04
Frank,Gardner,19550905,true,Gardner_f114f
Eric,Kennedy,19990522,true,Kennedy_b93e8
Michael,Buchanan,19560814,true,Buchanan_5c588
Brooke,Johnson,19910415,true,Johnson_89a0e
Joseph,Alvarado,20000624,true,Alvarado_daa1c
Dawn,Ross,19990212,true,Ross_f1413
Christina,Hammond,20031206,true,Hammond_13a44
Adrian,Richmond,19581209,true,Richmond_a9e03
Elizabeth,Gardner,19500805,true,Gardner_df56f
Melissa,Wood,19720205,true,Wood_911d3
Matthew,Nelson,19580127,true,Nelson_49b51
Janet,Gross,20170414,false,Gross_2081c
Michael,Murphy,19780508,true,Murphy_49efc
Samuel,Davis,20000715,true,Davis_8e44c
James,Garcia,20140409,false,Garcia_3a02b
Carolyn,Glover,19790714,true,Glover_9a700
Jonathan,Singleton,19930116,true,Singleton_d216e
Jennifer,MD,20040402,true,MD_d295f
Robert,Moore,19550415,true,Moore_bd6b1
Kelly,Rogers,19940920,true,Rogers_59ca9
Kelly,Rodriguez,19630326,true,Rodriguez_fec53
Michael,Fisher,19941231,true,Fisher_8713c
Lorraine,Shaw,19540327,true,Shaw_25cc6
Steven,White,19551209,true,White_288a5
Joy,Long,20070828,false,Long_036a7
Brandon,Riggs,19600102,true,Riggs_90cbd
Raymond,Henderson,19511128,true,Henderson_212bd
Kenneth,Wright,20031105,true,Wright_5769e
Katelyn,Sloan,20140122,false,Sloan_5ed10
Jonathan,Robinson,20110407,false,Robinson_d306e
Gina,Morales,19630328,true,Morales_67c51
Rachel,Martinez,20140725,false,Martinez_671e8
Nicole,Mcgee,19590303,true,Mcgee_84007
Danielle,Hunter,19710811,true,Hunter_c76d0
Dillon,Baker,19960126,true,Baker_c3a6b
Steven,Lane,19910718,true,Lane_df252
Sandra,Cook,19701227,true,Cook_0e46f
Heather,Cardenas,20001001,true,Cardenas_bd7e9
Kyle,Robinson,19680124,true,Robinson_e517e
James,Rodriguez,20141228,false,Rodriguez_8c4c7
John,Robertson,19601022,true,Robertson_2871d
Melissa,Smith,20120331,false,Smith_3b22e
Sarah,Oneal,20100220,false,Oneal_198c4
Austin,Mcdowell,19930828,true,Mcdowell_5e244
Marie,Taylor,20081106,false,Taylor_9afeb
Teresa,Garrett,20130220,false,Garrett_7782a
Kelly,Perez,19600519,true,Perez_016c7
Mary,Odom,19630813,true,Odom_e8796
Stacy,Hansen,19810615,true,Hansen_88a2e
Sara,Lopez,20160717,false,Lopez_50614
Arthur,II,19610603,true,II_a7c50
Jennifer,Ortiz,20090104,false,Ortiz_13e14
Amanda,Davis,19570714,true,Davis_5dd68
Tina,Fitzpatrick,19520205,true,Fitzpatrick_f3a7d
Andrea,Page,19720326,true,Page_d8da3
Wayne,Reeves,20120905,false,Reeves_5d9e8
James,Sullivan,19660616,true,Sullivan_54df2
John,Hernandez,20121009,false,Hernandez_e80af
Tiffany,Barnett,20060511,false,Barnett_3a0e4
Jessica,Watts,20130720,false,Watts_17134
Miss,MD,19771113,true,MD_fbe29
Nathan,Nielsen,19570325,true,Nielsen_d8b9d
Patricia,Davis,19890317,true,Davis_54248
Ricardo,Davies,20160711,false,Davies_8e948
Matthew,Lawson,20050108,false,Lawson_91471
Christopher,Miller,19850131,true,Miller_5a80b
Charles,DVM,19521109,true,DVM_5a25d
Jack,Lin,20050204,false,Lin_44890
Michelle,Jacobs,20181204,false,Jacobs_8d741
Amber,Hopkins,19750831,true,Hopkins_7c2f6
Christine,Lara,19590103,true,Lara_05622
Nancy,Garcia,19680305,true,Garcia_76b84
Lindsey,Owens,20091208,false,Owens_afea8
Lisa,Brewer,20011224,true,Brewer_d9f8d
Alex,Rhodes,19780913,true,Rhodes_a5121
Daniel,Bennett,19730228,true,Bennett_1ed65
Susan,Robinson,19700109,true,Robinson_fc067
Christopher,Olson,20150918,false,Olson_d7ec4
Jon,Roach,20100628,false,Roach_80a11
Michael,Robinson,19600617,true,Robinson_9ac9b
Rodney,Arellano,19970728,true,Arellano_c5fff
Alicia,Wong,20061030,false,Wong_9681c
Jesse,Singh,19700403,true,Singh_6acb8
Nicole,Smith,19900322,true,Smith_71b48
Dwayne,Snyder,19680314,true,Snyder_28da5
Marcus,Rice,19600806,true,Rice_65a8e
Ashley,Dixon,19731118,true,Dixon_5a107
Erica,Nelson,19980508,true,Nelson_05e40
Anna,Valdez,19931007,true,Valdez_94bfa
Marco,Pierce,20000915,true,Pierce_46271
Nicole,Henry,20000729,true,Henry_dad8c
Melissa,David,19530115,true,David_d9671
Patricia,Moreno,19580324,true,Moreno_5923f
Kevin,Woodard,19550809,true,Woodard_0dee6
Adam,Bailey,19570707,true,Bailey_70691
Carrie,Henson,19530508,true,Henson_96fcf
Richard,Martin,19660331,true,Martin_f3c14
Whitney,Reed,19771027,true,Reed_83008
Michael,Snyder,19690831,true,Snyder_cd899
Dana,Molina,20160409,false,Molina_eb8ab
Justin,Decker,20181105,false,Decker_60758
Cristina,Gray,19780424,true,Gray_6615d
Mark,Nguyen,20110402,false,Nguyen_ac0f0
Michael,Johnson,20161210,false,Johnson_2a2a2
Nicholas,Clark,19930707,true,Clark_487c1
Todd,Wheeler,19960904,true,Wheeler_62b5f
Linda,Woods,19611127,true,Woods_5e5f2
Alan,Peterson,19760129,true,Peterson_9e709
Christina,Pennington,19960303,true,Pennington_b87a5
Jennifer,Baldwin,20161229,false,Baldwin_7e3d2
Jake,Oliver,19810127,true,Oliver_d8744
Ms.,Reilly,19820909,true,Reilly_a6278
Jacob,Grant,19911204,true,Grant_46694
Malik,Wright,19770611,true,Wright_92b39
Gabrielle,Johnson,19581006,true,Johnson_fcba1
Anne,Howard,19690610,true,Howard_45839
Trevor,Gutierrez,20110929,false,Gutierrez_4bf74
Caleb,Morales,19660329,true,Morales_0598c
Jennifer,Hernandez,19701021,true,Hernandez_55308
Mark,Montes,19720618,true,Montes_53830
Matthew,Peck,20120417,false,Peck_e9aee
James,Dominguez,19881205,true,Dominguez_e2663
Jonathan,Mclaughlin,19920406,true,Mclaughlin_ad02b
Melissa,DVM,20070421,false,DVM_0b73a
Renee,Ellis,19581202,true,Ellis_bec98
Mark,Schmidt,20100429,false,Schmidt_911da
Anthony,Baker,19890725,true,Baker_af3ee
Amanda,Perkins,19870507,true,Perkins_d0fea
Lisa,Garcia,19500726,true,Garcia_57919
Jennifer,Sullivan,19570311,true,Sullivan_ab620
Jeremy,Wright,19710710,true,Wright_f2947
Tracy,Frazier,19820315,true,Frazier_5a330
Kathryn,Cardenas,19830508,true,Cardenas_35ae4
Robert,Wheeler,19590424,true,Wheeler_1c6f4
John,Gonzalez,20170815,false,Gonzalez_2dbd5
Thomas,Gordon,20041106,true,Gordon_8c2cb
Jacob,Mcintyre,20140808,false,Mcintyre_5c4da
Charles,Melendez,19780726,true,Melendez_0d1da
Angel,Johnson,19571128,true,Johnson_9934c
Derek,Stevens,20021103,true,Stevens_e0260
Cindy,Odonnell,20091219,false,Odonnell_44b9e
Mary,Holmes,19930822,true,Holmes_9db29
Amanda,Monroe,20100410,false,Monroe_4379d
Sara,Sanchez,19530619,true,Sanchez_affb5
Dennis,Williams,20140118,false,Williams_7a3b5
Emily,Mitchell,19720417,true,Mitchell_1e68f
Lauren,Rodriguez,19781230,true,Rodriguez_a8026
Jeffrey,Santiago,19750228,true,Santiago_5cbec
Tony,Norton,19511210,true,Norton_d01a7
Jacqueline,Choi,19950316,true,Choi_c3b9d
Andrew,Mclaughlin,19730514,true,Mclaughlin_b2423
Larry,Livingston,20160425,false,Livingston_43f2a
Caitlin,Ryan,19560406,true,Ryan_ce3c3
Mr.,Porter,19570214,true,Porter_e9e42
Crystal,Harris,20131219,false,Harris_2e124
Joseph,Marshall,19650502,true,Marshall_23cd5
Brendan,Smith,19580516,true,Smith_750a9
Amy,Wilson,19740412,true,Wilson_09540
David,Clark,19850801,true,Clark_f30a3
Terri,Pace,19660521,true,Pace_1818a
Erika,Joseph,19810303,true,Joseph_f0dcb
Jessica,Brown,20070115,false,Brown_86b39
Chase,Young,20160219,false,Young_ac737
Mitchell,Cook,20051121,false,Cook_04939
Paul,Allen,19681110,true,Allen_ff1d3
Adam,Morales,19910404,true,Morales_7969b
Jeffrey,Hernandez,19891231,true,Hernandez_f3251
Melinda,Hamilton,20031103,true,Hamilton_7c52a
Michael,Miller,19640520,true,Miller_375ad
Randall,Scott,19710903,true,Scott_8820e
Pamela,Allison,19650106,true,Allison_99ff7
Cynthia,Harrington,19790724,true,Harrington_a9abd
Heidi,Brown,19901224,true,Brown_c5059
Kathryn,Graham,19840906,true,Graham_f3ddd
Samantha,Strickland,20110726,false,Strickland_e8610
Kimberly,Gilbert,19920621,true,Gilbert_50683
Laura,King,20131014,false,King_83922
Janet,Perez,20130508,false,Perez_e157c
George,Hunt,19701025,true,Hunt_a44b0
Randy,Taylor,19870924,true,Taylor_62cec
Theresa,Newman,19941129,true,Newman_069d1
Mark,Hensley,19911108,true,Hensley_637d8
Elizabeth,Woodard,19971211,true,Woodard_7eacd
Amanda,Snow,19561220,true,Snow_ba184
Colton,Porter,19840801,true,Porter_d8e42
Barbara,Aguilar,19850918,true,Aguilar_fb733
Michael,Brady,19830113,true,Brady_998fd
Paul,Romero,19601007,true,Romero_7ffde
Donna,Little,19911116,true,Little_9019e
Kathleen,Ramirez,19550829,true,Ramirez_04ceb
Caitlin,Espinoza,19870602,true,Espinoza_36461
Michael,Jr.,19500826,true,Jr._8621f
Janet,MD,19860718,true,MD_e37de
Michael,Moore,19681025,true,Moore_f8eb7
Brian,Little,19721222,true,Little_7ea54
Mr.,MD,19860601,true,MD_7d948
Miranda,Phillips,19941101,true,Phillips_d8100
Jonathan,Garrison,19830801,true,Garrison_e9a48
Anthony,Guerrero,19850602,true,Guerrero_f85a5
Kenneth,Bryant,19791226,true,Bryant_daa86
Amy,Brown,20100126,false,Brown_bbbfd
Robert,Morris,19880904,true,Morris_dbf85
Carrie,Lyons,20171025,false,Lyons_9099e
Laura,Graves,19580105,true,Graves_e4e20
Jaime,Lucas,19671031,true,Lucas_b6a19
Jordan,Pearson,19601005,true,Pearson_45377
Nicholas,Martinez,19511126,true,Martinez_9ae60
Mary,Padilla,19570503,true,Padilla_6d32d
Scott,Chapman,19580206,true,Chapman_28ab3
Pamela,Bridges,19701110,true,Bridges_205b8
Wanda,Collins,19710125,true,Collins_625b8
Mark,Bender,19690911,true,Bender_b8ade
Amanda,Norris,20020112,true,Norris_c4a85
Abigail,Brown,19801008,true,Brown_b08b0
Brian,Pham,19860127,true,Pham_361af
Jamie,Young,19581102,true,Young_6ae98
Brian,Peterson,19620405,true,Peterson_b9d01
Lisa,Warren,20070406,false,Warren_7ad41
Lacey,Rosales,20101019,false,Rosales_d193d
Timothy,Nguyen,20011129,true,Nguyen_d1479
Daniel,Harper,19660402,true,Harper_e97c7
Barbara,Smith,19940723,true,Smith_12b08
Holly,Brown,20150817,false,Brown_7b383
Wesley,Cunningham,20081215,false,Cunningham_bb7b1
Rachel,Mason,19500723,true,Mason_218c6
Alicia,Case,19960810,true,Case_45876
Thomas,Wright,19600729,true,Wright_09233
Antonio,Dominguez,19801115,true,Dominguez_821d7
Kelsey,Collins,20100107,false,Collins_f257b
Michael,Hodges,19781007,true,Hodges_a8180
Elizabeth,Gutierrez,20000209,true,Gutierrez_1ef3b
Scott,Brown,19500126,true,Brown_1ca96
Melvin,Wiley,19700705,true,Wiley_d3893
Stephanie,Haas,19800802,true,Haas_04bd4
Lisa,Medina,19560616,true,Medina_06e0a
Susan,Lane,20121227,false,Lane_e6b3f
William,Tran,19561101,true,Tran_c882a
Tony,Morris,19700805,true,Morris_1057d
Randy,Carlson,19550530,true,Carlson_d8db2
Savannah,Holland,20040704,true,Holland_a8bb9
Crystal,Vega,19540627,true,Vega_66bee
Erika,Espinoza,19970824,true,Espinoza_5c04a
Deborah,Jones,19900607,true,Jones_77e48
Kirsten,Williams,19511204,true,Williams_6f0a4
Charles,Patel,19650113,true,Patel_0bbe8
Mitchell,Pierce,20010824,true,Pierce_7e42c
Misty,Ramirez,19760107,true,Ramirez_705f4
Angela,West,19810427,true,West_0afba
Mark,Bowman,19820531,true,Bowman_a6a8f
Christina,Orr,20041214,false,Orr_4ce11
Brian,Bridges,20130812,false,Bridges_ac733
Mike,Hale,19841108,true,Hale_7cc89
Amanda,Allen,19780417,true,Allen_4705b
Robert,Hernandez,19950226,true,Hernandez_2ef78
Brandon,Bernard,19620417,true,Bernard_40d98
Dan,Young,19980923,true,Young_5cbc2
Jonathan,Nguyen,20091002,false,Nguyen_b7114
Mary,Sandoval,19900505,true,Sandoval_b52d1
Bryan,Clark,19500122,true,Clark_e67d0
Tina,Weaver,19870325,true,Weaver_0a95d
Joseph,Huynh,19650315,true,Huynh_309c5
Kelly,Meyer,20150730,false,Meyer_5e725
Mary,Clark,19500128,true,Clark_0d8ca
Sherry,Lyons,19980902,true,Lyons_5c73e
Jonathan,Adams,19910129,true,Adams_f5400
Jeremy,Henderson,19930130,true,Henderson_3d705
Edward,King,19551218,true,King_9111b
Jennifer,Butler,19511118,true,Butler_c810e
Michael,Taylor,20140208,false,Taylor_77ccc
James,House,19630516,true,House_6f50f
Pamela,Kelley,19821125,true,Kelley_fbb0e
Kevin,Peters,19670206,true,Peters_c9aea
Carolyn,Sanchez,20111128,false,Sanchez_a9c6a
Jacqueline,Johnson,20071014,false,Johnson_f7c42
Aaron,Gardner,20080127,false,Gardner_9696a
Randall,Kemp,19970924,true,Kemp_377e5
Kristen,Flores,19950328,true,Flores_2e0bc
Robert,Wilson,19580818,true,Wilson_0fdb8
John,Taylor,19820725,true,Taylor_7cce5
Misty,Mckinney,19870426,true,Mckinney_dd640
Craig,Smith,19780323,true,Smith_525d3
Brianna,Long,19940403,true,Long_8603d
Ms.,Fisher,20180925,false,Fisher_0523c
Elizabeth,Cantrell,19510503,true,Cantrell_e7c56
Jennifer,Ortiz,19810707,true,Ortiz_216c5
Benjamin,Conway,19551228,true,Conway_b14b9
Dr.,Rose,19551120,true,Rose_01813
Noah,Mccarty,19650620,true,Mccarty_6f29c
James,Casey,19860728,true,Casey_aae29
Hector,Stanton,19630617,true,Stanton_28784
Dustin,Watkins,20050609,false,Watkins_ace71
Chloe,Pham,19570514,true,Pham_be089
Jordan,White,19880915,true,White_06275
Melissa,Reese,19661220,true,Reese_5fd3e
Mr.,Taylor,19940131,true,Taylor_bf041
Michele,West,19640505,true,West_19aa6
Jennifer,Baker,19600110,true,Baker_c83ca
Andre,Brown,19900206,true,Brown_cf3e0
Joseph,Murphy,20110709,false,Murphy_a7c9f
Andrew,Stewart,19510212,true,Stewart_5a9fe
Brenda,Jones,19550804,true,Jones_e27fe
Cole,Harris,19620216,true,Harris_eb74a
Kimberly,Levy,19581013,true,Levy_73210
Jerry,Shannon,19510505,true,Shannon_6484d
Blake,Brown,19570615,true,Brown_75572
Brianna,Ford,20041209,false,Ford_10afe
Bryan,Santiago,19880123,true,Santiago_58532
Michelle,Walker,19870825,true,Walker_e241f
David,Lewis,19740306,true,Lewis_382be
Molly,Henry,19740723,true,Henry_10646
Michaela,Sanchez,19640723,true,Sanchez_e7afd
Samantha,Ramirez,19540209,true,Ramirez_4c754
Matthew,DDS,19800908,true,DDS_68587
Stephanie,Marquez,20070529,false,Marquez_66d2b
Maria,Short,19890501,true,Short_3a6bb
Sandra,Hawkins,20120419,false,Hawkins_d071c
James,Copeland,20160424,false,Copeland_6803d
Roberto,Chapman,20111214,false,Chapman_5e7d2
Douglas,Murphy,20020112,true,Murphy_c4a85
Lori,DDS,19540930,true,DDS_8b39b
Cynthia,Weaver,19590808,true,Weaver_49c21
Christopher,Charles,19570824,true,Charles_92426
Joshua,Thompson,19990112,true,Thompson_f8628
Michael,Bowers,20020903,true,Bowers_29d22
Kimberly,Torres,19850623,true,Torres_31d37
Scott,Webb,20170802,false,Webb_0d7c2
Karen,Luna,19590430,true,Luna_930b8
Shane,Bradley,19761005,true,Bradley_26ea3
Shelly,Long,20100504,false,Long_5e28c
Russell,Medina,19960508,true,Medina_8e87d
Anne,Baker,19591003,true,Baker_5b5e5
Christopher,Jones,20090528,false,Jones_3a47d
Kelly,Espinoza,19530330,true,Espinoza_91798
Rachel,Martinez,20160202,false,Martinez_3ef35
Elizabeth,Bailey,19630101,true,Bailey_5c8a5
Lori,Reese,19660117,true,Reese_aa161
James,Cruz,19500730,true,Cruz_a17c6
Kelly,Levy,19940508,true,Levy_b4299
Austin,Roth,20140219,false,Roth_de412
Timothy,Edwards,19501125,true,Edwards_b3448
Michael,Knight,19721107,true,Knight_91b52
Nicolas,Ray,20070115,false,Ray_86b39
Tracy,Butler,19570205,true,Butler_97580
Brian,Novak,19950205,true,Novak_3fd98
Thomas,Burton,19750419,true,Burton_e624b
Mario,Humphrey,19500707,true,Humphrey_42a4f
Kelly,Mcdonald,20040606,true,Mcdonald_194e2
Melinda,Smith,19971024,true,Smith_6325c
Emily,Sanchez,19870603,true,Sanchez_8223a
Dana,Vega,19530817,true,Vega_caa4b
Jessica,Cortez,19621024,true,Cortez_a418a
Kelly,Olson,19650731,true,Olson_fb759
Timothy,Jr.,19550630,true,Jr._24e58
Jonathan,Cummings,19630303,true,Cummings_93089
Steven,Johnson,20081005,false,Johnson_6dfba
Christopher,Sullivan,20070515,false,Sullivan_61807
Kimberly,Garcia,19630801,true,Garcia_ea09c
Michael,Nguyen,19950202,true,Nguyen_c15ac
Kevin,Foster,19990202,true,Foster_d185d
Jennifer,Preston,19911210,true,Preston_a2043
Mary,Chapman,19770416,true,Chapman_e0a65
Marc,Collins,19590316,true,Collins_88f5d
Amber,Sims,19730327,true,Sims_d2fec
Shawn,Kennedy,20070424,false,Kennedy_4a6a4
Christine,Farmer,19550923,true,Farmer_b3376
Pam,Martinez,19650402,true,Martinez_5dbcc
Lisa,Thompson,20150102,false,Thompson_91278
John,Bennett,20150226,false,Bennett_2ed08
Ronald,Dixon,19920507,true,Dixon_a8c21
Paul,Peterson,20021225,true,Peterson_c41f4
Carrie,Jones,19561017,true,Jones_741f9
Tiffany,Carrillo,19930516,true,Carrillo_20b27
Katie,Hanna,19840628,true,Hanna_5b78c
Seth,Villanueva,19690502,true,Villanueva_bbe63
Donna,Lewis,19800422,true,Lewis_febfd
Tina,Hunter,19680801,true,Hunter_6ff00
Sheri,Beck,19660121,true,Beck_fe78b
Kristen,Hall,19810602,true,Hall_4451b
Douglas,Morgan,19520320,true,Morgan_f8970
Zachary,Miller,19770308,true,Miller_e7418
Teresa,Collins,19500117,true,Collins_bc7a6
Devon,Roberts,20031030,true,Roberts_85b61
Amy,Gray,19651017,true,Gray_b32aa
Tracy,Wagner,19591009,true,Wagner_e67bc
Eric,West,20140221,false,West_c92a6
Denise,Harper,20050107,false,Harper_5df7e
Brianna,Richards,19670502,true,Richards_9b972
Shirley,Garcia,19520424,true,Garcia_d9b16
James,Byrd,19750222,true,Byrd_0f2d3
Krista,Mata,20051212,false,Mata_660d2
Vernon,Gomez,20001129,true,Gomez_96007
John,Gilbert,19630327,true,Gilbert_b30bb
Alicia,Medina,19660504,true,Medina_9c4de
Vanessa,Campbell,19690101,true,Campbell_91ac7
Pamela,Berg,20111027,false,Berg_b3f23
Michael,Reilly,19720514,true,Reilly_1c829
Thomas,Austin,19721027,true,Austin_9c4e7
Alejandra,Martinez,19791221,true,Martinez_d6f6b
Lindsey,Powers,19761227,true,Powers_4f3ef
Jacqueline,Sawyer,19570424,true,Sawyer_545e0
Nancy,Wilkins,20131228,false,Wilkins_280bf
Shane,White,19960421,true,White_5db81
Daniel,Rivas,20160318,false,Rivas_74bd9
Andrew,Medina,20040423,true,Medina_7ef99
Donald,Carson,19660117,true,Carson_aa161
Jason,Hamilton,20140519,false,Hamilton_87653
Mark,Perez,19581103,true,Perez_7a6f5
Christina,Mann,19530425,true,Mann_84bb3
Matthew,Miller,20060201,false,Miller_2fb36
Nicholas,Mccarthy,19630706,true,Mccarthy_2fda3
John,Barnett,19730906,true,Barnett_c7d6c
Paige,Hudson,19741005,true,Hudson_e37db
Dr.,MD,19771124,true,MD_f97a3
Gina,Higgins,19530731,true,Higgins_65011
Linda,Ellis,19580113,true,Ellis_86331
Daniel,Wade,20110705,false,Wade_b1949
Jessica,Weiss,19720206,true,Weiss_00672
Erik,Aguilar,19820402,true,Aguilar_f4c0c
Mr.,Baker,20110903,false,Baker_38e9f
Bradley,Compton,19880512,true,Compton_7d290
Timothy,Sanders,19521003,true,Sanders_e813f
Steve,Mccall,19660720,true,Mccall_33ac2
Thomas,Hull,20161219,false,Hull_b06e0
Carla,Cunningham,19671212,true,Cunningham_4457a
Rachel,Sullivan,19820929,true,Sullivan_24113
Latoya,Little,19780807,true,Little_c16bd
Sarah,Harvey,19600331,true,Harvey_119d2
Kayla,Wright,20090224,false,Wright_df62b
Andrew,Tanner,19950429,true,Tanner_aebe2
Aaron,Hansen,19980128,true,Hansen_df29c
Hunter,Atkinson,19940522,true,Atkinson_5cbc2
Richard,Williams,19820503,true,Williams_9f500
Frank,Martinez,20150826,false,Martinez_d8211
Timothy,Burns,19670703,true,Burns_4fcdd
Melissa,Ortiz,19580729,true,Ortiz_84be0
Henry,DDS,20050216,false,DDS_0f14f
Amanda,Mccoy,19730115,true,Mccoy_5fd7b
Pamela,Cox,19630521,true,Cox_daae7
Linda,Ray,19731022,true,Ray_80a21
Brooke,Hernandez,19911114,true,Hernandez_bcb5b
Lisa,Livingston,19500423,true,Livingston_19295
Eugene,Mason,19781213,true,Mason_6bc9b
Stephen,Reid,19970507,true,Reid_98159
Kevin,Landry,19990122,true,Landry_1eebd
Jamie,Porter,19710705,true,Porter_25fc5
Daniel,Cunningham,19730326,true,Cunningham_12799
Victor,Marsh,19710809,true,Marsh_1a910
Mr.,Rodriguez,20081016,false,Rodriguez_2d2f2
Brittany,Bradley,20050416,false,Bradley_79948
Amy,Wallace,19730823,true,Wallace_d36ae
Alex,Smith,20020503,true,Smith_894dd
Timothy,King,19531001,true,King_d731a
Charles,Jennings,19750714,true,Jennings_18c5d
Jessica,Vargas,19810517,true,Vargas_ed53f
Jacqueline,Briggs,19951030,true,Briggs_0cbd4
Laurie,Gonzales,19710726,true,Gonzales_1d2bf
Olivia,Clark,19741001,true,Clark_92a9e
Donald,Molina,20181009,false,Molina_1d4e0
Ricky,Allen,19610619,true,Allen_3a518
Catherine,Rodriguez,19930724,true,Rodriguez_ec84d
Mr.,Torres,19810423,true,Torres_db13a
David,Shepherd,19530813,true,Shepherd_af176
Jonathan,Hansen,19770829,true,Hansen_391e1
Benjamin,Griffin,19620129,true,Griffin_edc21
Tracey,Hess,19801108,true,Hess_3ffe6
Victoria,Walker,19651201,true,Walker_b7da5
Cathy,Carney,19970522,true,Carney_0d73a
John,Gibbs,19800328,true,Gibbs_738c1
Angela,Torres,20070731,false,Torres_a7973
Harold,Glover,19650404,true,Glover_719e3
Dawn,Myers,19930921,true,Myers_3cbfe
Ashley,Spencer,19910126,true,Spencer_c60e6
Mary,Walters,19700330,true,Walters_b8b5c
Christina,Davenport,19541010,true,Davenport_5a1c3
Brian,Johnson,19770323,true,Johnson_c3a20
Crystal,Contreras,19950218,true,Contreras_197df
Tanya,Turner,19890813,true,Turner_4cf6b
Katelyn,Durham,20101015,false,Durham_3c09a
Nathaniel,Wilson,19571216,true,Wilson_0e0f4
Joseph,Long,19811125,true,Long_60d33
Mallory,Hall,20060326,false,Hall_08d8e
Bianca,Chavez,19850502,true,Chavez_13721
Victoria,Strickland,19530730,true,Strickland_c68d2
Scott,Jackson,20131029,false,Jackson_28199
Patrick,Smith,19720129,true,Smith_5b12e
Samuel,West,20020627,true,West_15f40
Dr.,Baker,19570801,true,Baker_7d36e
Haley,Baldwin,19650413,true,Baldwin_b3439
Joanna,Fernandez,19600803,true,Fernandez_f066e
Jeffrey,Berg,19700530,true,Berg_d03c9
Alexander,Wilson,19881111,true,Wilson_51998
David,Fuller,20110806,false,Fuller_be8d3
Laura,Kramer,19590203,true,Kramer_83e41
Melinda,Lambert,19511004,true,Lambert_baf5d
April,Cole,19610622,true,Cole_2b0a2
Jill,Thornton,19870415,true,Thornton_b9235
Holly,Riley,19740728,true,Riley_3e1f8
Beth,Kim,19930727,true,Kim_9dd39
Kelly,Thomas,19981227,true,Thomas_857e8
Teresa,James,20171115,false,James_0e2bf
Jasmine,Johnson,20071114,false,Johnson_571df
Brian,Wood,20030705,true,Wood_56446
Deborah,Estes,20161109,false,Estes_9f1fd
Jeremy,Knight,19851018,true,Knight_62030
Abigail,Mccoy,20071224,false,Mccoy_bfdb5
Chad,Sellers,19740103,true,Sellers_229c3
James,Terry,20040604,true,Terry_f9ef9
Rachael,Watson,20110202,false,Watson_696d8
Jeffrey,Poole,19570204,true,Poole_23f28
Matthew,Salazar,19560921,true,Salazar_3a12d
Christopher,Small,20161012,false,Small_d77b7
Noah,Smith,19951201,true,Smith_cb2fb
Steven,Mack,20010726,true,Mack_3b355
Casey,Castillo,19581116,true,Castillo_5d7af
Rachel,Poole,19760708,true,Poole_c5b79
Karen,Sutton,19701222,true,Sutton_8f42e
John,Martinez,20120502,false,Martinez_4a978
Michele,Harrington,19980805,true,Harrington_d91ff
Cheyenne,Brown,19930731,true,Brown_d0453
David,Turner,19761018,true,Turner_566a3
Brian,Carter,19750917,true,Carter_ba3db
Sheena,Ward,19730926,true,Ward_57d0c
Anthony,Carson,19560504,true,Carson_0248e
Janet,Zavala,19720116,true,Zavala_d92c9
Cynthia,Smith,19510905,true,Smith_9f8dc
Carla,Cannon,19521008,true,Cannon_73040
Lacey,Lopez,19610430,true,Lopez_e0368
Amy,Copeland,19891011,true,Copeland_f8791
Kristin,Jacobs,19600303,true,Jacobs_a9037
Antonio,Ferguson,20080710,false,Ferguson_b15e6
Isabella,DDS,19641031,true,DDS_e5225
James,Davidson,19551214,true,Davidson_6ca42
Holly,Mendoza,19800314,true,Mendoza_5b3a3
Jordan,Lopez,20061220,false,Lopez_a3222
Antonio,Ryan,20100909,false,Ryan_58f10
Raymond,Ware,20040815,true,Ware_7e89a
Alexander,Stafford,20060210,false,Stafford_0b5c1
Kevin,Clayton,19750708,true,Clayton_7f5be
Kristen,Rice,19550825,true,Rice_f0658
Joseph,Moore,19951107,true,Moore_09cdb
Bryan,Riley,19591003,true,Riley_5b5e5
Diana,Flores,19780329,true,Flores_a8dd7
Kathryn,MD,20090121,false,MD_6ff38
Deanna,Smith,19510416,true,Smith_774d5
Nancy,Miller,19850927,true,Miller_5789f
David,Horton,19740216,true,Horton_f7b67
Zachary,Esparza,19920429,true,Esparza_f3a96
Victoria,Moreno,19700701,true,Moreno_bd5d9
Douglas,Skinner,19910115,true,Skinner_42298
Timothy,Spencer,19600623,true,Spencer_3a5ae
Daniel,Oconnor,20061216,false,Oconnor_e0451
Ryan,Fitzgerald,19700912,true,Fitzgerald_ee76d
Natalie,Martinez,20180609,false,Martinez_0fdad
Joyce,Hayes,20060906,false,Hayes_9aa29
Amber,Morris,19640723,true,Morris_e7afd
Tiffany,Jackson,20040519,true,Jackson_5f3b2
Tiffany,Vasquez,20050517,false,Vasquez_5309a
John,Douglas,19990302,true,Douglas_3ee8d
William,Reed,19930216,true,Reed_6f17f
Nicole,James,19910107,true,James_113d1
Mrs.,Miller,19670212,true,Miller_1c8d0
Sarah,Miller,19900123,true,Miller_9f35c
John,Morrison,19550314,true,Morrison_be631
Sarah,Coleman,19500119,true,Coleman_db259
Daniel,Smith,19881110,true,Smith_65b16
Kurt,Butler,19640621,true,Butler_19820
Cody,Becker,19601216,true,Becker_dd317
Miss,Miller,19771105,true,Miller_4ae09
Craig,Bailey,19970713,true,Bailey_fac5d
Derrick,Campbell,19850110,true,Campbell_62bfc
Jennifer,Ibarra,19620914,true,Ibarra_85733
Timothy,Black,20080907,false,Black_5f7ab
Shawn,Blanchard,19910627,true,Blanchard_b5747
Brian,Johnson,20061214,false,Johnson_2b2ae
Patricia,Gray,19660319,true,Gray_00c0a
James,White,19870906,true,White_24be7
William,Smith,20070314,false,Smith_26446
Mrs.,Cummings,20080105,false,Cummings_07c76
Philip,Mills,19631102,true,Mills_efb5b
Emily,Berry,20061120,false,Berry_cafcd
Casey,Coffey,20040802,true,Coffey_702fc
Regina,Johnson,19530514,true,Johnson_ddc31
Steven,Waters,20070420,false,Waters_af24b
Joshua,Gonzalez,19800924,true,Gonzalez_181ae
Kimberly,Green,20171009,false,Green_ee3ee
Thomas,DDS,19931002,true,DDS_148bf
Robert,DVM,19500722,true,DVM_6a7ce
Miss,Lewis,19830121,true,Lewis_afe1c
Linda,Barajas,19851209,true,Barajas_f20c5
Amber,Jensen,20030523,true,Jensen_7b910
John,Owens,19670424,true,Owens_4cd37
Elizabeth,Benitez,19560323,true,Benitez_b00d5
Sarah,Smith,19680804,true,Smith_313dd
Jonathan,Hernandez,19981002,true,Hernandez_dbdaf
Benjamin,Stevens,19991112,true,Stevens_bc3a9
Isaac,Roth,19610102,true,Roth_53837
Lauren,Smith,19780801,true,Smith_55808
Nicole,MD,20090108,false,MD_14863
Emily,Vega,19960508,true,Vega_8e87d
Jesse,Stone,20040908,true,Stone_22f21
Nancy,Lucas,19830706,true,Lucas_94653
Thomas,Horne,19710718,true,Horne_46f11
Jo,Humphrey,19881031,true,Humphrey_7cd6e
Nicholas,Marquez,19900321,true,Marquez_2af02
Cathy,Todd,19640421,true,Todd_ff585
Vicki,Harmon,19880902,true,Harmon_dff18
Brent,Lloyd,19710621,true,Lloyd_6058d
Jonathan,Hill,19501214,true,Hill_066ad
Timothy,Kelly,19770420,true,Kelly_40a0b
Donna,Martinez,20011210,true,Martinez_6484f
Tammy,Miles,20140307,false,Miles_f20bf
Stephen,Fields,19580723,true,Fields_035fd
Paige,Kemp,19840331,true,Kemp_a2ce1
Hannah,Myers,19500909,true,Myers_96347
Tanya,Garcia,19781209,true,Garcia_ef161
Elizabeth,Moody,20120609,false,Moody_c026f
Christina,Murray,19791217,true,Murray_a46c7
Emma,Berry,19940107,true,Berry_c02ad
Rebecca,Santos,20030430,true,Santos_63969
Tammy,Williams,19630603,true,Williams_f709b
Lauren,DDS,19970628,true,DDS_a10fd
Amy,Reed,20000105,true,Reed_3f523
Peter,Holland,19740927,true,Holland_e8b74
Stephen,Martinez,19931220,true,Martinez_5be4b
Evan,Martinez,19890208,true,Martinez_af326
Stephanie,Smith,20170530,false,Smith_238e8
Robert,Schultz,20000530,true,Schultz_a9b3b
Steven,Price,19981115,true,Price_776f9
William,Park,19600914,true,Park_ed912
Cole,Butler,20091225,false,Butler_64360
Jessica,Prince,19951227,true,Prince_cdccc
Brian,Smith,19790302,true,Smith_a7f6d
Mark,Ortiz,20000801,true,Ortiz_f1a0d
Shane,Garcia,20051223,false,Garcia_4bf3f
Tammy,Lowe,20110205,false,Lowe_5d7be
Bonnie,Parsons,19991127,true,Parsons_0a982
Christopher,Gross,20031114,true,Gross_2742d
Jason,Hawkins,19541001,true,Hawkins_8aa4f
Diane,Lee,19880714,true,Lee_f8d94
Jeffrey,Rodriguez,19690718,true,Rodriguez_84bf3
Destiny,Thompson,20080630,false,Thompson_9c89b
Carol,Johnston,19680119,true,Johnston_d7864
Catherine,Cline,20060430,false,Cline_1d861
Joseph,Bond,19610827,true,Bond_f22b0
Whitney,Russell,19580213,true,Russell_13776
Joseph,Brown,19910411,true,Brown_defb3
Andrea,Cherry,19570204,true,Cherry_23f28
Ronnie,James,20170422,false,James_01204
Jesse,Wagner,19660816,true,Wagner_d2533
Jennifer,Johnson,19791230,true,Johnson_c6b02
Christina,Miller,19530425,true,Miller_84bb3
Amy,Collins,19641109,true,Collins_db540
Nathaniel,Curtis,19681205,true,Curtis_91975
Joann,Patel,20031113,true,Patel_929da
Daniel,Gonzalez,20060110,false,Gonzalez_c3c49
Donna,Harris,20030614,true,Harris_0bec1
Patricia,Gomez,20020611,true,Gomez_b4ae3
Christopher,Douglas,19551221,true,Douglas_f87d1
Thomas,Glover,19670814,true,Glover_24c25
Ryan,Fischer,19770812,true,Fischer_cefba
Briana,Turner,19810428,true,Turner_f21ce
Patrick,Williams,20100228,false,Williams_59630
Kathryn,Morris,19660605,true,Morris_b8363
Jonathan,Henry,19810227,true,Henry_25e89
Jonathan,Navarro,19610423,true,Navarro_4ad2f
Steven,Ryan,19950115,true,Ryan_6d2be
Matthew,Rodriguez,20050705,false,Rodriguez_ceffd
Laurie,Stewart,19810130,true,Stewart_e2151
Joseph,Ramirez,19550510,true,Ramirez_369ae
Eric,Harris,19500910,true,Harris_d49da
Amy,Townsend,20150715,false,Townsend_a378b
Jeffrey,Gutierrez,19610206,true,Gutierrez_2b526
Kenneth,Zimmerman,19681018,true,Zimmerman_e5a34
Jonathan,Guerrero,19840407,true,Guerrero_5350b
James,Thomas,19820128,true,Thomas_7fdf7
James,Bradshaw,20091129,false,Bradshaw_d24ff
Edgar,Moreno,19640513,true,Moreno_f9655
Margaret,Roberts,19941227,true,Roberts_e144b
Mary,Gonzales,19621119,true,Gonzales_2e9f5
Deborah,Ortiz,19660517,true,Ortiz_0a0c6
Jesse,Thomas,19561114,true,Thomas_1b760
Taylor,Torres,20060508,false,Torres_bd36e
Jennifer,Sampson,19680723,true,Sampson_4baf2
Jennifer,Shaffer,19760415,true,Shaffer_2de1f
Melanie,Griffith,19971102,true,Griffith_3f855
Michelle,May,19750723,true,May_c2621
Lori,Morales,19701012,true,Morales_b7f1d
Alexandra,Shelton,19870213,true,Shelton_6b100
Carl,Gonzalez,19501125,true,Gonzalez_b3448
Maria,Miller,19941221,true,Miller_208dd
Chad,Kelly,19700921,true,Kelly_3ff1b
Eileen,Davis,19520404,true,Davis_3a81f
Jacob,White,20041216,false,White_e37cf
Tony,Howard,19530211,true,Howard_af9f9
Randy,Franklin,19520222,true,Franklin_e2848
Taylor,Davidson,19791109,true,Davidson_72fa9
Nicole,Rivas,19941124,true,Rivas_0504f
Daniel,Martinez,19931201,true,Martinez_d7e33
Theresa,Potter,19580212,true,Potter_1d2e7
William,Kerr,19910124,true,Kerr_bc028
Erin,Anderson,19720902,true,Anderson_cf219
Carlos,Sawyer,19530407,true,Sawyer_fe2bb
Steven,Reyes,19791024,true,Reyes_bf926
Robert,Johnson,19640920,true,Johnson_1c15e
John,Kelley,19960928,true,Kelley_336ba
Melissa,Franklin,19980708,true,Franklin_12d0a
Travis,Davis,19501107,true,Davis_2bdb0
Adam,Bailey,19990424,true,Bailey_762d7
Crystal,Peterson,19680113,true,Peterson_1546f
David,Anderson,19841210,true,Anderson_73473
David,III,19550606,true,III_ec925
Jose,Mitchell,19740719,true,Mitchell_e9a71
Harry,Miller,19890613,true,Miller_4e2a7
Jay,Smith,19651121,true,Smith_3b694
David,Spence,19650425,true,Spence_b3b49
Alicia,Young,19940514,true,Young_177d1
Gregory,Cooper,20130725,false,Cooper_9adad
Michelle,Brown,20030817,true,Brown_6bc4f
Melissa,Johnson,19821119,true,Johnson_e6aec
Robert,Hunter,19761021,true,Hunter_7be8f
Ellen,Montes,19610714,true,Montes_29eaa
Madeline,Terry,19520922,true,Terry_ee4a7
Gregory,Mclean,19610801,true,Mclean_3b78d
Rebekah,Fischer,19691023,true,Fischer_af465
Wendy,Sexton,19880217,true,Sexton_36e61
Angela,Spencer,19980502,true,Spencer_071ed
Brent,Richards,20100609,false,Richards_0991a
Christina,Price,19860508,true,Price_fb35b
Christopher,Kim,20090806,false,Kim_92e5b
Kristie,White,19860924,true,White_23d7f
Eric,Anderson,19730724,true,Anderson_03c1d
Patrick,Moran,19541204,true,Moran_c755d
Kimberly,Dillon,20010618,true,Dillon_4d3a6
Michael,Morris,19790924,true,Morris_05ed3
Stephanie,Garcia,19530613,true,Garcia_08c97
Amber,Randall,19520910,true,Randall_fe7f8
Matthew,Morris,19981111,true,Morris_f9657
Brandon,Henry,19590409,true,Henry_7a559
Elizabeth,Jones,20100530,false,Jones_9bcaa
Manuel,Reyes,19760330,true,Reyes_6eeaa
Cindy,Blackburn,20001008,true,Blackburn_0c5fb
Mindy,Valentine,19790425,true,Valentine_db32c
Mary,Stevenson,19550911,true,Stevenson_b8080
Emma,Beltran,19860213,true,Beltran_02f6b
Matthew,Jacobson,19510412,true,Jacobson_496c2
Paul,Phillips,19920423,true,Phillips_77c12
James,Porter,19900703,true,Porter_fae10
David,Harrison,19841031,true,Harrison_930ed
Tara,Davidson,19861117,true,Davidson_c6707
Donna,Kelly,19621128,true,Kelly_105f4
Renee,Mayer,20050201,false,Mayer_405ab
Victor,Davis,19570103,true,Davis_14a8a
Marc,Abbott,20170825,false,Abbott_37158
Kevin,Flores,19560605,true,Flores_e810b
Sarah,Mayo,19930507,true,Mayo_7b671
Anthony,Morgan,19670114,true,Morgan_0938f
Sarah,Wong,19850327,true,Wong_55c8e
Tanya,Martinez,19760911,true,Martinez_f2732
Jacob,Lewis,19620916,true,Lewis_5fd90
Valerie,Spencer,20180310,false,Spencer_748b4
Kelly,Drake,19710114,true,Drake_f132c
Zachary,Foster,20111020,false,Foster_cbe39
Susan,Summers,19810701,true,Summers_a1e33
Stacy,Jones,19940909,true,Jones_c6f5d
Alicia,Roberts,20090924,false,Roberts_e0ffc
Charlene,Patterson,19860927,true,Patterson_5820e
Mike,Hudson,19860807,true,Hudson_e8f96
Nichole,Murray,19531028,true,Murray_20163
Anthony,Robinson,19870327,true,Robinson_f5b5f
Andrew,Sutton,19661215,true,Sutton_3c858
John,Munoz,20041009,true,Munoz_45102
Antonio,Gray,19710315,true,Gray_61484
Mallory,Bright,19541118,true,Bright_f5376
Zachary,Johnson,19741002,true,Johnson_276a6
Scott,Zimmerman,19560130,true,Zimmerman_881d6
Nicolas,Myers,20010618,true,Myers_4d3a6
Dakota,Silva,19790710,true,Silva_fff90
Cynthia,Crawford,19650925,true,Crawford_cd0ed
Larry,Smith,20131127,false,Smith_74650
Victoria,Hoover,19841101,true,Hoover_142a7
Carl,Shannon,19800401,true,Shannon_7d9db
Melissa,Hardy,19900304,true,Hardy_85b3c
Carolyn,Smith,19760418,true,Smith_9f207
Austin,Washington,20000525,true,Washington_8a0f3
Jacob,MD,19620226,true,MD_d5b01
Earl,Jackson,19901209,true,Jackson_cf975
Nicole,Simmons,19881121,true,Simmons_d12a6
Phillip,Hurst,19860713,true,Hurst_1496c
Hailey,Robbins,19861028,true,Robbins_c83d8
James,Taylor,19710430,true,Taylor_ea4fc
Andrea,Figueroa,20141023,false,Figueroa_3bc2c
Cassandra,Moreno,19680327,true,Moreno_b991d
Gregory,Pacheco,19631228,true,Pacheco_cc251
Shawn,Shelton,19630124,true,Shelton_9002f
Nicole,Huerta,19810701,true,Huerta_a1e33
Matthew,Hoffman,20050405,false,Hoffman_50cbc
Barbara,Hudson,19971028,true,Hudson_9d670
Sandra,Francis,19650418,true,Francis_d2a62
Rebecca,Ray,19910328,true,Ray_3a477
Tammy,Simpson,19720914,true,Simpson_09c27
Kyle,Clark,19610925,true,Clark_9af52
Sherry,Peterson,19691126,true,Peterson_c30b8
Kyle,Howard,20091021,false,Howard_6f476
David,Warren,19690718,true,Warren_84bf3
Brandon,Townsend,19890203,true,Townsend_f4ed3
Christopher,Ellis,19700514,true,Ellis_9c35a
Renee,Mccall,19941109,true,Mccall_d3515
Nicole,Valdez,19750518,true,Valdez_5b18f
Austin,Bird,19760515,true,Bird_86853
Matthew,Oliver,19720423,true,Oliver_94edc
Adam,Morrison,19800801,true,Morrison_f00bd
Kenneth,Koch,19660206,true,Koch_91551
Roger,Maddox,19810426,true,Maddox_6974f
Michael,Harris,20040522,true,Harris_04cac
Devon,Levy,19680625,true,Levy_a9d77
Alison,Wright,19540225,true,Wright_61ac5
Jennifer,Jones,20140426,false,Jones_f2ea1
Alexandra,Rosales,19530925,true,Rosales_80b2b
Erika,Wood,19520609,true,Wood_97bdb
Kristen,Dyer,19920620,true,Dyer_33883
Kristin,Higgins,19981219,true,Higgins_bc84f
Adrian,Martin,20080307,false,Martin_9a516
Joshua,Hunter,20070517,false,Hunter_3b836
Cindy,Wells,19730616,true,Wells_edfbd
Meredith,Shepherd,20161029,false,Shepherd_99664
Paula,Jackson,20100903,false,Jackson_cab67
Jacob,Woodard,20050821,false,Woodard_17b49
Michael,Hill,19770802,true,Hill_ec367
Maureen,Miller,19580407,true,Miller_2505f
Pamela,Brandt,19830821,true,Brandt_a033c
Matthew,Jr.,19500430,true,Jr._ab6e7
Lawrence,Jordan,19620519,true,Jordan_614da
Travis,Coleman,19950209,true,Coleman_7d80e
Tina,Lopez,20170112,false,Lopez_6e684
Joseph,Armstrong,19800911,true,Armstrong_43ae4
Kayla,Sellers,20020329,true,Sellers_fc35a
Michael,Rogers,19550312,true,Rogers_7844f
Tiffany,Fitzpatrick,19960213,true,Fitzpatrick_36701
Sierra,Warren,19630212,true,Warren_b6afc
Patricia,Martinez,19621202,true,Martinez_06dcc
Gregory,Castillo,19720220,true,Castillo_f5e31
Gilbert,Johnson,19850923,true,Johnson_e0381
Bryan,Gutierrez,19881118,true,Gutierrez_c61e8
Yvonne,Murphy,19930625,true,Murphy_d42db
Austin,Patel,20160730,false,Patel_a8c99
Ronald,Lopez,19780127,true,Lopez_fa8ae
Terry,Fowler,20040710,true,Fowler_7c77e
Holly,Lara,19700116,true,Lara_99852
Cody,Hayden,19890410,true,Hayden_6893b
Veronica,Bradford,19861024,true,Bradford_69857
Sylvia,Moon,20030725,true,Moon_579bd
Sharon,Young,19920204,true,Young_80637
Jeffery,Wilson,19781118,true,Wilson_a7db0
Tammy,Cooper,19790105,true,Cooper_34afe
Jessica,Gardner,19640805,true,Gardner_f4e7c
Mr.,Roman,20110215,false,Roman_89978
Sharon,Frazier,19970508,true,Frazier_f4796
James,Gonzalez,19740320,true,Gonzalez_2e66e
Tracy,Mcmillan,20010620,true,Mcmillan_61023
Peter,Schultz,19570829,true,Schultz_5fff4
Jenna,Ayala,20170619,false,Ayala_ec4bc
Julie,Martinez,20140523,false,Martinez_c4e95
Richard,Lee,20001024,true,Lee_cd977
Karen,MD,19630505,true,MD_473c4
Timothy,Lopez,20080828,false,Lopez_d23c0
Justin,Burke,19960212,true,Burke_a32e6
Karen,Erickson,19781004,true,Erickson_9f253
Sarah,Ramsey,19640622,true,Ramsey_4c3e8
Robin,Evans,19730730,true,Evans_7c325
Michael,Chang,19900209,true,Chang_e27c8
Melvin,Butler,19571114,true,Butler_ba49d
Deborah,Mcbride,19880511,true,Mcbride_6510f
Austin,Williams,19620824,true,Williams_7687f
Kenneth,Dean,19620621,true,Dean_e14ca
Joan,Crawford,19631031,true,Crawford_8cb6a
Erin,King,19570128,true,King_64985
Mr.,Hamilton,20140412,false,Hamilton_02279
Deborah,Hood,19661225,true,Hood_a5844
Marcus,Stout,19960510,true,Stout_2b56e
Shannon,Jacobs,20000922,true,Jacobs_7d114
Todd,Harris,19750807,true,Harris_6ad7d
Sarah,Wilson,20110131,false,Wilson_a0087
Edward,Brown,19600416,true,Brown_11acf
Calvin,Jones,20071126,false,Jones_5f0c0
Mr.,Fry,20100215,false,Fry_f8eb4
Alejandro,Sharp,19860531,true,Sharp_39aaf
Debra,Morgan,19801028,true,Morgan_af556
John,Kemp,19900928,true,Kemp_6e0bb
Benjamin,Richardson,19760910,true,Richardson_a6905
Eric,Cobb,19821025,true,Cobb_e6d35
Joseph,Daniel,19650808,true,Daniel_5cd03
William,Pollard,20040618,true,Pollard_a568f
Aaron,Pace,20120102,false,Pace_d55d1
Wendy,Smith,19860629,true,Smith_37f83
Cheyenne,Hernandez,19730120,true,Hernandez_c7590
Patricia,Spencer,20040323,true,Spencer_6aae7
Charles,PhD,19660515,true,PhD_67c72
Stacey,Clark,19570825,true,Clark_5a3b4
Megan,Williams,19870819,true,Williams_70640
Robert,Lee,19731021,true,Lee_7715c
Pamela,Hughes,19570116,true,Hughes_bf91b
James,Davis,19590501,true,Davis_1d7df
Tami,Harper,19720628,true,Harper_24020
Thomas,Avila,19970109,true,Avila_f3a52
Darius,Phillips,20020614,true,Phillips_6d384
Donald,Perez,19931010,true,Perez_16ae7
Elizabeth,Moran,19940319,true,Moran_48ba7
Kristina,Chapman,19840626,true,Chapman_c07a7
Jimmy,Morris,19640120,true,Morris_25892
Julie,Hobbs,19800214,true,Hobbs_cfc0e
Hailey,Miller,19710217,true,Miller_61db6
Robert,Elliott,20011203,true,Elliott_80af2
Kathleen,Franklin,19970210,true,Franklin_55b11
Cassandra,Smith,19941019,true,Smith_c24ce
Stacey,Montoya,20080126,false,Montoya_37d99
Lauren,Romero,20020425,true,Romero_e5750
Hector,Rivera,19560911,true,Rivera_eee54
Veronica,Morris,19580404,true,Morris_0a281
Derrick,Sanders,19510425,true,Sanders_239d1
Russell,Gallagher,19740223,true,Gallagher_e2f06
Cody,Moore,19610710,true,Moore_ecad5
Robin,Ramsey,20100205,false,Ramsey_c090b
Heather,Shelton,19960415,true,Shelton_e980a
Lindsay,Zuniga,20040412,true,Zuniga_c2a6c
Mark,Wells,19720106,true,Wells_214cd
Adam,Jones,19570107,true,Jones_2b07e
Gerald,Gonzales,19750102,true,Gonzales_9e03c
Christopher,Perez,19850924,true,Perez_ed8df
Justin,Thornton,19960730,true,Thornton_54817
Miss,Solis,20140922,false,Solis_37d85
Michelle,Kidd,19500222,true,Kidd_ad962
Michael,Shannon,20050509,false,Shannon_580b7
Matthew,Murphy,19600216,true,Murphy_5dc4e
Sheila,Garcia,19850318,true,Garcia_9a18c
Rebecca,Rogers,19870524,true,Rogers_b1abc
Dana,Tran,20161215,false,Tran_55592
Elizabeth,Lee,19740901,true,Lee_0b5de
Jessica,Arroyo,20021019,true,Arroyo_a6982
Isaac,Wright,20021102,true,Wright_9f342
Jennifer,Evans,19920202,true,Evans_7e20b
Martha,Mahoney,19650515,true,Mahoney_77427
Daniel,Shelton,20090813,false,Shelton_50478
Jacqueline,Sandoval,19621203,true,Sandoval_05ee5
Yvette,Gonzales,20040519,true,Gonzales_5f3b2
Sherry,Randolph,19710908,true,Randolph_fea35
Nicholas,Vincent,19611002,true,Vincent_acc13
Nicole,Banks,20060604,false,Banks_aeea7
Caleb,Zuniga,19681028,true,Zuniga_a2d94
Kathryn,Mckinney,19610603,true,Mckinney_a7c50
Kaylee,Griffin,19540508,true,Griffin_ed7ff
Raymond,Yu,19690205,true,Yu_f4152
Stephen,Hill,19540903,true,Hill_0c0be
Ryan,Young,19620107,true,Young_f6262
Kevin,Turner,19841108,true,Turner_7cc89
Scott,Bonilla,19861002,true,Bonilla_5a96a
Scott,Smith,19711103,true,Smith_feea9
Jill,George,20071205,false,George_35f18
Anthony,Odonnell,19591121,true,Odonnell_4417e
Kenneth,Walton,19950309,true,Walton_dc147
Tammy,Dixon,19710119,true,Dixon_4e9e7
Mary,Herring,19600324,true,Herring_870e5
David,Harris,19760620,true,Harris_39a40
Holly,Jenkins,20131207,false,Jenkins_fdf45
Kristen,Hall,19850124,true,Hall_48382
Vanessa,Hernandez,19950717,true,Hernandez_44dc1
Lindsey,Baker,19590424,true,Baker_1c6f4
Jessica,Cooper,19900312,true,Cooper_e1a8d
Daniel,Garcia,19560315,true,Garcia_15d0b
Brandon,Proctor,20140504,false,Proctor_0bde0
Ray,Moore,19561007,true,Moore_0e8fa
Thomas,Hughes,20060618,false,Hughes_f4b49
Cheyenne,Moreno,19600912,true,Moreno_8048c
Erika,Hill,20061221,false,Hill_38a8d
William,Wright,19700117,true,Wright_ec312
Joshua,Hurley,20030404,true,Hurley_e8d9b
Allen,Luna,19790802,true,Luna_4e69e
David,Forbes,20140525,false,Forbes_e6bea
Jeffrey,Ross,19910821,true,Ross_b4253
Yolanda,Morris,19720210,true,Morris_5eb51
Amy,Webster,20150520,false,Webster_2f458
Joseph,Lopez,19800525,true,Lopez_67208
Robert,Miller,19540317,true,Miller_022cb
Courtney,Lopez,19710810,true,Lopez_93fe3
Karen,Harris,19910421,true,Harris_9908a
George,Spencer,20181216,false,Spencer_0d646
Kenneth,Williamson,19540310,true,Williamson_2b72a
Eric,Roberts,19520808,true,Roberts_0367b
Daniel,Mckinney,19991218,true,Mckinney_6b859
William,Armstrong,19641118,true,Armstrong_e8b45
Stephanie,Rangel,20170725,false,Rangel_de0ef
Cody,Nichols,20060526,false,Nichols_f88ad
Charles,White,20161218,false,White_ebf2b
Jennifer,Ortiz,19901107,true,Ortiz_919ea
Ryan,Hampton,20070808,false,Hampton_d7ccb
Jacqueline,Soto,19650402,true,Soto_5dbcc
Ashley,Jones,19891203,true,Jones_01ff2
Thomas,Torres,19970102,true,Torres_9d305
Bruce,Browning,19631113,true,Browning_1f631
Charles,Holt,19630912,true,Holt_5bb30
Matthew,Rodgers,19780707,true,Rodgers_93821
Jeremiah,Robertson,19621012,true,Robertson_1f1d0
Jeffery,Barry,20150303,false,Barry_7dac1
Katherine,Berry,19880315,true,Berry_fede2
Zachary,Holmes,19531203,true,Holmes_655bc
Luis,Peters,19980207,true,Peters_3c954
Rebecca,Castillo,19621201,true,Castillo_3ae97
Shannon,Gilbert,19920613,true,Gilbert_cba39
Jessica,Parker,20161202,false,Parker_65091
Bradley,MD,19830206,true,MD_ae408
Adrian,Perez,19701219,true,Perez_3fc41
Matthew,Green,19901012,true,Green_92f94
Michelle,Price,19980111,true,Price_87fb2
Phillip,Meyer,19771023,true,Meyer_61dbb
Amanda,Brown,19541218,true,Brown_cde99
Julie,Phillips,19601109,true,Phillips_3e90b
Joseph,Weber,20080725,false,Weber_7b904
Charles,Mack,19911111,true,Mack_ef01c
John,Tucker,20030704,true,Tucker_23009
Dana,Wilson,19660103,true,Wilson_854b4
Henry,Howard,19760625,true,Howard_052c6
William,Garcia,19951220,true,Garcia_e9a9b
Matthew,Miller,19951218,true,Miller_10530
Joseph,Sanchez,19560913,true,Sanchez_7f481
Cory,Christensen,20180615,false,Christensen_6bd2e
Jamie,Mccullough,19921001,true,Mccullough_4b83e
Jose,Smith,19550913,true,Smith_79bf5
Christine,Andrews,19931019,true,Andrews_dbe1d
Justin,Taylor,20090914,false,Taylor_d3c07
Dylan,Sanchez,20031111,true,Sanchez_26f50
Megan,Watson,20080816,false,Watson_6eced
Reginald,Bell,19811114,true,Bell_34807
James,Bell,19520611,true,Bell_41569
Jennifer,Cooper,19731223,true,Cooper_7aa70
Tanya,Wagner,19861123,true,Wagner_9a16c
Henry,Curtis,19890527,true,Curtis_bc000
Cassandra,Elliott,20030506,true,Elliott_51def
Pedro,Mitchell,19610927,true,Mitchell_31c89
Ray,Mccarty,19710208,true,Mccarty_05d2a
Riley,Gomez,19810211,true,Gomez_010a6
Shelby,Price,19860807,true,Price_e8f96
Briana,Marshall,19511218,true,Marshall_5d4f8
Melissa,Clark,19851103,true,Clark_48291
Patrick,Mays,19670818,true,Mays_cf088
Scott,Harris,19901214,true,Harris_fc222
Bonnie,Franklin,19880714,true,Franklin_f8d94
Maria,Powell,19990121,true,Powell_a3767
Brian,Rhodes,19920601,true,Rhodes_0e8a8
Ashley,Morris,20021001,true,Morris_73a97
Kenneth,Holmes,19890205,true,Holmes_32a9f
Adam,Garcia,19950206,true,Garcia_144d8
Matthew,Johnson,19680924,true,Johnson_5e190
Randy,Aguirre,20111027,false,Aguirre_b3f23
Michael,Garcia,20060511,false,Garcia_3a0e4
Henry,Jr.,20120515,false,Jr._2a1a1
Christopher,Stark,19710307,true,Stark_91945
Scott,Dodson,19510516,true,Dodson_f6e62
Laura,Faulkner,19950929,true,Faulkner_47307
Joseph,Patterson,20170116,false,Patterson_a6987
Vanessa,Johnson,19601019,true,Johnson_8fef3
Joe,Moody,19990405,true,Moody_8d70e
Robert,Kelley,19870602,true,Kelley_36461
Justin,Mack,20110513,false,Mack_3b9bc
Anna,Gray,20060223,false,Gray_d437e
Christopher,Lee,20180926,false,Lee_cd396
Mrs.,Garrett,20150104,false,Garrett_dc8af
Wendy,Sanchez,19530123,true,Sanchez_70c38
Dr.,Hall,19511213,true,Hall_7d988
Mr.,Hall,19510110,true,Hall_ac0ed
Robert,Cabrera,19950706,true,Cabrera_1d69f
Megan,Morrison,19730319,true,Morrison_78a55
Jaime,Mcdaniel,20170519,false,Mcdaniel_bc07a
Joseph,Williams,20020128,true,Williams_0a07a
Kevin,Madden,20051226,false,Madden_cb00e
Philip,Cruz,20070410,false,Cruz_3b2b6
Andrew,Shaw,19900927,true,Shaw_76084
Jessica,Sexton,20070218,false,Sexton_20cd8
Stephen,Campos,20050123,false,Campos_55633
Robert,Griffith,19800108,true,Griffith_af321
Jack,Jensen,19601229,true,Jensen_676e2
John,Aguilar,19531019,true,Aguilar_99e85
Daniel,Armstrong,19820714,true,Armstrong_f79a4
Jesus,Meyer,19601003,true,Meyer_ca68e
Troy,Butler,19740405,true,Butler_c2976
Jody,Reed,20151230,false,Reed_1b7e6
Gloria,Hartman,19970227,true,Hartman_3d12c
Melissa,Mcbride,19900424,true,Mcbride_74b68
Robert,Allen,19850218,true,Allen_c192b
Phillip,Evans,19800329,true,Evans_5847f
Philip,Banks,19960610,true,Banks_89138
Janet,King,20140730,false,King_60cf0
Susan,Donovan,19690130,true,Donovan_6c619
Michael,Pierce,19661111,true,Pierce_b8dcf
Michael,Serrano,19820711,true,Serrano_1ec7e
Joseph,Brown,20050414,false,Brown_96f06
Michael,Powell,19941127,true,Powell_4f74d
Richard,Martin,19651122,true,Martin_b24cb
Alexander,Lowe,19610508,true,Lowe_73be1
Brenda,Turner,19900314,true,Turner_b27f6
Jennifer,Conrad,19970306,true,Conrad_e3bc8
Catherine,Kirk,20130309,false,Kirk_77cf1
Andrea,Gaines,19591030,true,Gaines_4dcfc
Madison,Nguyen,19790117,true,Nguyen_ae6fd
Tony,Reese,19840623,true,Reese_d20b3
Terri,Powell,19870307,true,Powell_9502a
David,Wells,19831030,true,Wells_c4aa5
Timothy,Mitchell,19650318,true,Mitchell_f10a5
Kimberly,Oconnor,19510603,true,Oconnor_58fbc
Anthony,Smith,19560325,true,Smith_2da1c
Roberta,Garza,20030706,true,Garza_4eba9
Terry,Bennett,20120228,false,Bennett_3c385
Mrs.,Gomez,19500107,true,Gomez_ad6a5
Katherine,Franklin,20100827,false,Franklin_403b2
Sherry,Martin,19950504,true,Martin_d69bf
Robert,Li,20181107,false,Li_22620
Jesse,Miller,19610306,true,Miller_7ade8
Kevin,Jones,19740126,true,Jones_96365
Rhonda,Young,19580104,true,Young_40452
